RegistroANS;RazaoSocial;UF;TotalDespesas;MediaTrimestral;DesvioPadrao
5711.0;BRADESCO SAÃDE S.A.;RJ;95018581145.0;31672860381.666668;947486497.205089
340782.0;CLINIPAM CLINICA PARANAENSE DE ASSISTENCIA MEDICA LTDA;CE;17563224663.0;5854408221.0;5670307196.32001
350249.0;H.B. SAÃDE S/A.;SP;14458800540.0;4819600180.0;525989753.34581345
392804.0;CENTRO CLÃNICO GAÃCHO LTDA;CE;7441761256.0;2480587085.3333335;82603825.3898393
302147.0;PREVENT SENIOR PRIVATE OPERADORA DE SAÃDE LTDA;SP;7082647026.0;2360882342.0;492226100.54958856
339954.0;FUNDAÃÃO SÃO FRANCISCO XAVIER;MG;6115220498.0;2038406832.6666667;149202374.31335115
368253.0;HAPVIDA ASSISTENCIA MEDICA S.A.;CE;5953924056.0;1984641352.0;1948425787.5523045
343889.0;UNIMED BELO HORIZONTE COOPERATIVA DE TRABALHO MÃDICO;MG;4964321386.0;1654773795.3333333;1560517305.5892491
343269.0;UNIMED DE LONDRINA COOPERATIVA DE TRABALHO MÃDICO;PR;4636616044.0;1545538681.3333333;679965508.7954444
346659.0;CAIXA DE ASSISTÃNCIA DOS FUNCIONÃRIOS DO BANCO DO BRASIL;DF;4480815483.0;2240407741.5;1807215056.4807956
359017.0;NOTRE DAME INTERMÃDICA SAÃDE S.A.;SP;4323801878.0;1441267292.6666667;723095235.5778484
339679.0;UNIMED NACIONAL - COOPERATIVA CENTRAL;SP;4236924949.0;1412308316.3333333;683235868.8871565
422398.0;SAMI ASSISTÃNCIA MÃDICA LTDA;SP;3841630635.0;1280543545.0;11228516.918855624
348180.0;HUMANA SAÃDE LTDA.;PR;3834831443.0;1278277147.6666667;27465009.86929372
418072.0;CAIXA SEGURADORA ESPECIALIZADA EM SAÃDE S/A;SP;3675764806.0;1225254935.3333333;61543251.65842408
582.0;PORTO SEGURO - SEGURO SAÃDE S/A;SP;3558112759.0;1186037586.3333333;1518122226.8366704
422339.0;LEVE SAUDE OPERADORA DE PLANOS DE SAUDE S.A;RJ;3288015536.0;1096005178.6666667;143616835.18215916
6246.0;SUL AMERICA COMPANHIA DE SEGURO SAÃDE;RJ;3276499149.0;1092166383.0;1340603363.858781
331988.0;PASA - PLANO DE ASSISTENCIA A SAUDE DO APOSENTADO DA VALE;RJ;3173810727.0;1057936909.0;92529898.18617855
312126.0;FUNDAÃÃO SAÃDE ITAÃ;MG;3152345196.0;1050781732.0;1354122280.3550282
417050.0;IBBCA 2008 GESTÃO EM SAÃDE LTDA;RJ;2939301144.0;979767048.0;46959026.24320663
402966.0;BIO SAÃDE SERVIÃOS MÃDICOS LTDA;SP;2899501069.0;966500356.3333334;2715606.8743322147
323080.0;GEAP AUTOGESTÃO EM SAÃDE;DF;2848847019.0;949615673.0;68387450.75616306
359661.0;OMINT SERVIÃOS DE SAÃDE S.A.;SP;2693263644.0;897754548.0;930587221.1855092
342033.0;SAMP ESPIRITO SANTO ASSISTENCIA MEDICA SA;ES;2415570239.0;805190079.6666666;1331074501.542931
407011.0;GAMA SAUDE LTDA.;SP;2366574740.0;788858246.6666666;865255138.8998076
349682.0;DOCTOR CLIN OPERADORA DE PLANOS DE SAÃDE LTDA.;RS;2341898837.0;780632945.6666666;148309349.73589197
421928.0;ALICE OPERADORA LTDA.;SP;2291310615.0;763770205.0;1213493381.1731157
;;;2156509150.0;718836383.3333334;261259799.06035313
343731.0;UNIMED-SÃO GONÃALO - NITERÃI - SOC.COOP.SERV.MED E HOSP LTDA;RJ;2150066259.0;716688753.0;515569158.7331846
369659.0;UNIMED DE BAURU COOPERATIVA DE TRABALHO MÃDICO;SP;1924592083.0;641530694.3333334;444133529.6837252
416801.0;UNIMED SAÃDE E ODONTO S.A;SP;1566898211.0;522299403.6666667;85533669.36363572
326861.0;PROMÃDICA - PROTEÃÃO MEDICA A EMPRESAS S.A.;BA;1558612016.0;519537338.6666667;64889585.00505645
379956.0;CARE PLUS MEDICINA ASSISTENCIAL LTDA.;SP;1531717541.0;510572513.6666667;700049346.6571851
303623.0;CENTRO TRASMONTANO DE SAO PAULO;SP;1529436259.0;509812086.3333333;447331426.01072866
382876.0;UNIMED GOIANIA COOPERATIVA DE TRABALHO MÃDICO;GO;1515526114.0;505175371.3333333;402575985.0440086
359289.0;UNIMED VALE DO AÃO COOPERATIVA DE TRABALHO MÃDICO;MG;1503338959.0;751669479.5;56108462.76063799
394734.0;AMEPLAN ASSISTÃNCIA MÃDICA PLANEJADA LTDA;SP;1482865641.0;494288547.0;3466663.1828499003
367095.0;SAMEL PLANO DE SAÃDE LTDA;AM;1471331668.0;490443889.3333333;19825089.427864682
419133.0;POSTAL SAÃDE CAIXA DE ASSISTÃNCIA E SAÃDE DOS EMPREGADOS DOS CORREIOS;DF;1463782958.0;487927652.6666667;843781242.0691024
415111.0;BIOVIDA SAÃDE LTDA.;SP;1443247322.0;481082440.6666667;2442175.0723636406
414492.0;LIFE EMPRESARIAL SAÃDE LTDA.;SP;1434486611.0;478162203.6666667;14696587.294807496
312363.0;UNIMED DO EST. DO RJ FEDERAÃÃO EST. DAS COOPERATIVAS MÃDICAS;RJ;1358179556.0;452726518.6666667;318715282.11810714
411256.0;PLANO HOSPITAL SAMARITANO LTDA;SP;1343252405.0;447750801.6666667;21200258.93655264
385697.0;CAIXA DE ASSISTÃNCIA DOS FUNCIONÃRIOS DO BANCO DO NORDESTE DO BRASIL;CE;1289148629.0;429716209.6666667;293888448.44618964
315478.0;FUNDAÃÃO CESP;SP;1272015961.0;424005320.3333333;718094812.1777637
344362.0;SÃO LUCAS SAÃDE S/A;SP;1270994948.0;423664982.6666667;16618066.043748455
326305.0;AMIL ASSISTÃNCIA MÃDICA INTERNACIONAL S.A.;SP;1234125344.0;411375114.6666667;449027358.0966747
410292.0;FUNDACAO LEONOR DE BARROS CAMARGO;SP;1174621637.0;391540545.6666667;650995640.9605844
343463.0;PLAMED PLANO DE ASSISTENCIA MEDICA LTDA;SE;1068912941.0;356304313.6666667;44761493.8544137
419290.0;QUALICORP CLUBE DE SAÃDE ADMINISTRADORA DE BENEFÃCIOS LTDA.;SP;1015441599.0;338480533.0;108079996.99722913
406481.0;METLIFE PLANOS ODONTOLÃGICOS LTDA.;SP;1008625879.0;336208626.3333333;51721544.947766654
354511.0;OPERADORA UNIESTE DE PLANOS DE SAÃDE LTDA;RJ;987056037.0;329018679.0;5638056.738773475
418170.0;QUALLITY PRÃ SAÃDE PLANO DE ASSISTÃNCIA MÃDICA LTDA.;DF;954498736.0;318166245.3333333;146967933.14605471
346926.0;FUNDAÃÃO ASSISTENCIAL DOS SERVIDORES DO MINISTÃRIO DA FAZENDA;DF;951646187.0;317215395.6666667;547323346.8549968
321273.0;UNIMED DE JOINVILLE COOPERATIVA DE TRABALHO MÃDICO;SC;927321697.0;309107232.3333333;222750805.72689006
335690.0;UNIMED CAMPINAS - COOPERATIVA DE TRABALHO MÃDICO;SP;841129737.0;280376579.0;355914172.1468161
348830.0;PLENA SAÃDE S.A.;SP;818801083.0;272933694.3333333;37635807.074918464
417424.0;AFFIX ADMINISTRADORA DE BENEFÃCIOS LTDA;SP;806923684.0;268974561.3333333;17645193.153536253
415774.0;CABERJ INTEGRAL SAÃDE S.A;RJ;796198617.0;265399539.0;95268728.3621905
352501.0;UNIMED PORTO ALEGRE - COOPERATIVA MÃDICA LTDA.;RS;782235996.0;260745332.0;119430409.05471234
412759.0;TERRAMAR ADMINISTRADORA DE PLANO DE SAUDE LTDA;BA;765049778.0;255016592.66666666;17861862.78445561
335754.0;ASSOCIAÃÃO DOS SERVIDORES FISCAIS DO ESTADO DA BAHIA;BA;721625059.0;240541686.33333334;539636.4124689226
414581.0;UNIÃO MÃDICA PLANOS DE SAÃDE S/A;BA;718556613.0;239518871.0;20080538.372490738
314218.0;ASSOCIAÃÃO DE BENEFICÃNCIA E FILANTROPIA SÃO CRISTOVÃO;SP;700552357.0;233517452.33333334;384086236.5803105
382540.0;ASSOCIAÃÃO BENEFICENTE DOS PROFESSORES PÃBLICOS ATIVOS E INATIVOS DO RIO DE JANEIRO - APPAI;RJ;700324913.0;233441637.66666666;401083723.522453
319996.0;UNIMED DO ESTADO DE SÃO PAULO - FEDERAÃÃO ESTADUAL DAS COOP. MÃDICAS;SP;698696421.0;232898807.0;260432069.67312104
413534.0;CAIXA DE ASSISTENCIA DOS SERVIDORES DO ESTADO DE MATO GROSSO DO SUL;MS;696318748.0;232106249.33333334;203987885.7331251
317632.0;ASSOCIACAO DOS AUDITORES FISCAIS DA RECEITA ESTADUAL DE SAO PAULO;SP;688916257.0;229638752.33333334;266000580.48047748
315796.0;UNIMED DE PRESIDENTE PRUDENTE COOPERATIVA DE TRAB. MÃDICO;SP;687168324.0;229056108.0;192412869.7904965
309222.0;GRUPO HOSPITALAR DO RIO DE JANEIRO LTDA;RJ;686366366.0;228788788.66666666;28017628.023158394
304701.0;UNIMED CURITIBA - SOCIEDADE COOPERATIVA DE MÃDICOS;PR;679190971.0;226396990.33333334;235584580.3744949
344885.0;UNIMED RECIFE COOPERATIVA DE TRABALHO MÃDICO;PE;665240884.0;221746961.33333334;93013659.01356985
417530.0;ASSOCIAÃÃO DE SAÃDE PORTUGUESA DE BENEFICÃNCIA;SP;653186338.0;217728779.33333334;150467648.0523165
315729.0;UNIMED DE PIRACICABA SOCIEDADE COOPERATIVA DE SERVIÃOS MÃDICOS;SP;646126900.0;215375633.33333334;114559623.89782363
357511.0;HUMANA SAÃDE NORDESTE LTDA. ;PI;645002084.0;215000694.66666666;252432907.76646408
422681.0;GOCARE PLANOS DE SAUDE LTDA;SP;639392828.0;213130942.66666666;70817256.21284477
355151.0;FUNDAÃÃO COPEL DE PREVIDÃNCIA E ASSISTÃNCIA SOCIAL;PR;636200994.0;212066998.0;83990745.78042442
335657.0;ADVANCE PLANOS DE SAÃDE LTDA;SP;632324866.0;210774955.33333334;7871925.399986738
312851.0;UNIMED CAMPO GRANDE MS COOPERATIVA DE TRABALHO MÃDICO;MS;609835461.0;203278487.0;238174444.48084256
371106.0;UNIMED COSTA OESTE - COOPERATIVA DE TRABALHO MÃDICO;PR;603892360.0;201297453.33333334;1396351.3836142125
416428.0;SUL AMÃRICA PARANÃ CLÃNICAS SERVIÃOS DE SAÃDE S.A.;SP;597814025.0;199271341.66666666;329496575.30528307
327417.0;AUSTACLINICAS ASSISTÃNCIA MÃDICA E HOSPITALAR LTDA;SP;597094681.0;199031560.33333334;27704392.004188694
374440.0;PREVIDENT ASSISTÃNCIA ODONTOLÃGICA S.A;SP;594148555.0;198049518.33333334;89366059.20877348
351202.0;UNIMED DE RIBEIRAO PRETO - COOPERATIVA DE TRABALHO MÃDICO;SP;591824532.0;197274844.0;129569757.60741577
421405.0;SUPERMED ADMINISTRADORA DE BENEFÃCIOS LTDA.;RJ;583476250.0;194492083.33333334;23490624.483203027
419354.0;ZURICH SANTANDER BRASIL ODONTO LTDA.;SP;581705203.0;193901734.33333334;2921370.422352555
354295.0;UNIMED CHAPECÃ - COOPERATIVA DE TRABALHO MÃDICO DA REGIÃO OESTE CATARINENSE;SC;553409482.0;184469827.33333334;312651265.1394553
385255.0;UNIHOSP SAÃDE LTDA;SP;546664299.0;182221433.0;2352375.159811249
701.0;UNIMED SEGUROS SAÃDE S/A;SP;543063220.0;181021073.33333334;161532440.55674568
346276.0;UNIMED SALTO/ITU - COOPERATIVA MÃDICA;SP;537922929.0;179307643.0;31557433.5807061
353663.0;UNIMED NORTE DO MATO GROSSO COOPERATIVA DE TRABALHO MÃDICO;MT;534453416.0;178151138.66666666;249965538.8810627
360244.0;PLANO DE SAÃDE ANA COSTA LTDA.;SP;530105722.0;176701907.33333334;258306513.63187838
417718.0;BENEVIX ADMINISTRADORA DE BENEFÃCIOS LTDA;ES;528010867.0;176003622.33333334;34994486.02175309
359777.0;UNIMED RONDONOPOLIS COOPERATIVA DE TRABALHO MÃDICO LTDA;MT;513448784.0;171149594.66666666;290244524.92580223
421154.0;SAÃDE BRASIL ASSISTÃNCIA MÃDICA LTDA.;SP;512772534.0;170924178.0;461346.326644095
423173.0;INTEGRA ASSISTENCIA MEDICA SA;SP;494004791.0;164668263.66666666;6651704.663497647
303356.0;UNIMED LITORAL COOPERATIVA DE TRABALHO MÃDICO LTDA;SC;490166341.0;163388780.33333334;115233789.84005474
306398.0;UNIMED - COOPERATIVA DE SERVIÃOS DE SAÃDE DOS VALES DO TAQUARI E RIO PARDO LTDA.;RS;489836555.0;163278851.66666666;252608158.83912626
420077.0;SERVIÃO SOCIAL DA INDÃSTRIA DO PAPEL, PAPELÃO E CORTIÃA DO ESTADO DE SÃO PAULO - SEPACO;SP;474562368.0;158187456.0;60314868.03645124
422134.0;UNIVIDA USA OPERADORA EM SAUDE S/A;SP;452120472.0;150706824.0;5476472.675185004
333689.0;MEDISERVICE OPERADORA DE PLANOS DE SAÃDE S.A.;SP;441541810.0;147180603.33333334;228342203.61828297
337668.0;UNIMED SERGIPE - COOPERATIVA DE TRABALHO MÃDICO;SE;439650812.0;146550270.66666666;24002241.81505595
343684.0;UNIMED ALTO DA SERRA - SOCIEDADE COOPERATIVA DE SERVIÃO MÃDICO LTDA.;RS;419428585.0;139809528.33333334;111849001.70917022
301574.0;UNIMED DE LIMEIRA COOPERATIVA DE TRABALHO MÃDICO;SP;417925015.0;139308338.33333334;220138389.04597032
303267.0;UNIMED JUNDIAI - COOPERATIVA DE TRABALHO MÃDICO;SP;416785731.0;138928577.0;82678124.69132565
304883.0;UNIMED DE BOTUCATU COOPERATIVA DE TRABALHO MÃDICO;SP;416042388.0;138680796.0;219553751.0067823
344800.0;ALVORECER - ASSOCIAÃÃO DE SOCORROS MÃTUOS;SP;407234072.0;135744690.66666666;57809525.51365014
328537.0;MED-TOUR ADMINISTRADORA DE BENEFÃCIOS E EMPREENDIMENTOS LTDA.;SP;405388266.0;135129422.0;10197798.977456313
395480.0;ESMALE ASSISTENCIA INTERNACIONAL DE SAUDE LTDA.;AL;401732244.0;133910748.0;27147602.795836616
412058.0;SBC SAÃDE LTDA.;SP;399256247.0;133085415.66666667;14935592.364859499
344397.0;UNIMED NOVA IGUACU COOPERATIVA DE TRABALHO MEDICO;RJ;396954514.0;132318171.33333333;145137613.2914191
421421.0;2CARE OPERADORA DE SAÃDE LTDA.;SP;395440963.0;131813654.33333333;621117.3345724107
319708.0;UNIMED SANTA MARIA/RS - COOPERATIVA DE ASSISTÃNCIA Ã SAÃDE LTDA;RS;392833767.0;130944589.0;188069446.90426862
338346.0;SULMED - ASSISTÃNCIA MÃDICA LTDA;RS;388164133.0;129388044.33333333;63195279.28970011
348082.0;UNIMED ANHANGUERA COOPERATIVA DE TRABALHO MÃDICO;SP;385545618.0;128515206.0;97834645.35468592
418587.0;AMHA SAUDE S/A;SP;380068025.0;126689341.66666667;1643716.152807819
416738.0;OESTE SAÃDE ASSISTÃNCIA A SAÃDE SUPLEMENTAR S.A;SP;376559787.0;125519929.0;58459351.81624296
419281.0;ODONTO SEG OPERADORA DE PLANOS ODONTOLOGICOS S.A.;SP;376176280.0;125392093.33333333;4936683.798844864
315265.0;PARANA ASSISTENCIA MEDICA LTDA;PR;369254836.0;123084945.33333333;20970049.02251424
884.0;ITAUSEG SAÃDE S.A.;SP;356215332.0;118738444.0;3482509.3563710637
361011.0;SINDIFISCO NACIONAL - SINDICATO NACIONAL DOS AUDITORES-FISCAIS DA RECEITA FEDERAL DO BRASIL;DF;352398440.0;117466146.66666667;197665563.32301348
352331.0;CAIXA BENEFICENTE DOS FUNCIONARIOS DO BANCO DO ESTADO DE SÃO PAULO;SP;350532567.0;116844189.0;199310685.52133447
311847.0;UNIMED REGIONAL DA BAIXA MOGIANA - COOPERATIVA DE TRABALHO MÃDICO;SP;343360068.0;114453356.0;193006931.04875112
421740.0;TECBEN ADMINISTRADORA DE BENEFICIOS LTDA.;SP;342831958.0;114277319.33333333;62044839.45950948
317144.0;UNIMED DE FORTALEZA SOCIEDADE COOPERATIVA MÃDICA LTDA.;CE;337025198.0;112341732.66666667;24035247.265814435
421731.0;AMHE MED ASSISTENCIA A SAUDE LTDA - EPP;SP;335842162.0;111947387.33333333;24722052.703936063
355721.0;UNIMED DE SANTOS COOP DE TRAB MEDICO;SP;327318493.0;109106164.33333333;74441453.06660889
422835.0;VIDA TOP MAIS SAÃDE OPERADORA DE PLANOS DE SAÃDE LTDA.;SP;326530610.0;108843536.66666667;1853262.145355681
301949.0;ODONTOPREV S/A;SP;324754221.0;108251407.0;122584176.40662687
342807.0;SANTA CASA DE MISERICÃRDIA DE JUIZ DE FORA;MG;318006034.0;106002011.33333333;103065617.74815643
413267.0;PREVENT SENIOR CORPORATE OPERADORA DE SAÃDE LTDA.;SP;305699682.0;101899894.0;6928203.230275509
350699.0;CENTRO HOSPITALAR ATIBAIA LTDA.;SP;303294422.0;101098140.66666667;691077.7452134677
422720.0;AMPLA PLANOS DE SAUDE LTDA;RJ;299571076.0;149785538.0;44519110.60331787
303976.0;UNIMED BELÃM COOPERATIVA DE TRABALHO MÃDICO;PA;297695312.0;99231770.66666667;57909166.667822115
321044.0;UNIMED JOAO PESSOA - COOPERATIVA DE TRABALHO MÃDICO;PB;296508422.0;98836140.66666667;130026088.55419058
380661.0;METRUS INSTITUTO DE SEGURIDADE SOCIAL;SP;295642635.0;98547545.0;165542026.76045087
335100.0;UNIMED SAO JOSÃ DO RIO PRETO - COOP. DE TRABALHO MÃDICO;SP;289088069.0;96362689.66666667;86911423.50580886
418137.0;UNIX SAÃDE S.A;BA;278187431.0;92729143.66666667;1824609.1421743834
421944.0;ÃNICA ASSISTENCIA MEDICA LTDA ;SP;275540199.0;91846733.0;13883531.832975606
316148.0;UNIMED POÃOS DE CALDAS - SOC. COOP. DE TRAB. E SERVIÃOS MÃDICOS;MG;272951239.0;90983746.33333333;90343798.41968922
337188.0;COOPERATIVA DE TRABALHO MÃDICO DE POUSO ALEGRE;MG;271396193.0;90465397.66666667;144273381.40577462
315044.0;FUNDAÃÃO CELESC DE SEGURIDADE SOCIAL - CELOS;SC;270336183.0;90112061.0;154137766.94799644
320706.0;UNIMED SUL CAPIXABA COOPERATIVA DE TRABALHO MÃDICO;ES;262926348.0;87642116.0;77405497.48026514
357138.0;UNIMED CENTRO OESTE PAULISTA - FEDERAÃÃO INTRAFEDERATIVA DAS COOPERATIVAS MÃDICAS;SP;262389127.0;87463042.33333333;120604513.03771292
386596.0;CENTRAL REGIONAL DAS COOPERATIVAS MÃDICAS - UNIMED CERRADO;GO;259842275.0;86614091.66666667;28914154.934268344
352683.0;UNIMED DE CAMPOS COOPERATIVA DE TRABALHO MÃDICO;RJ;257345617.0;85781872.33333333;71701372.6496913
311375.0;UNIMED PELOTAS/RS - COOPERATIVA DE ASSISTÃNCIA Ã SAÃDE LTDA.;RS;256522785.0;85507595.0;137542952.9144317
389358.0;CARE PLUS ODONTOLOGIA ASSISTENCIAL LTDA.;SP;255680328.0;85226776.0;2665436.4301434765
327689.0;UNIMED MACEIO COOPERATIVA DE TRABALHO MÃDICO;AL;254913138.0;84971046.0;72774154.8866412
416690.0;ASSOCIAÃÃO DE ASSISTÃNCIA Ã SAÃDE DA AMAGIS;MG;252588352.0;84196117.33333333;467706.75127726386
366561.0;BENSAUDE PLANO DE ASSISTENCIA MEDICA HOSPITALAR LTDA.;SP;249510611.0;83170203.66666667;74193929.5930276
335592.0;UNIMED NATAL SOC. COOP. DE TRAB. MÃDICO;RN;248537113.0;82845704.33333333;21009622.33962511
422479.0;LIVRI OPERADORA DE PLANO DE SAÃDE LTDA;SP;248407597.0;82802532.33333333;3287840.2797443382
323268.0;UNIMED VALE DO SÃO FRANCISCO COOPERATIVA DE TRABALHO MÃDICO;PE;245743839.0;81914613.0;136200248.00656962
406554.0;ASSOCIAÃÃO ADVENTISTA NORTE BRASILEIRA DE PREVENÃÃO E ASSISTÃNCIA A SAÃDE;PA;244456586.0;81485528.66666667;14426796.703034855
343064.0;GARANTIA DE SAÃDE LTDA;SP;244115345.0;81371781.66666667;7289204.310520066
333662.0;UNIMED DE DOURADOS COOPERATIVA DE TRABALHO MÃDICO LTDA;MS;241956949.0;80652316.33333333;129629655.73752955
313211.0;UNIMED VALE DO CAÃ/RS - COOPERATIVA DE ASSISTÃNCIA Ã SAÃDE LTDA.;RS;241844468.0;80614822.66666667;99626884.4718394
384577.0;UNIMED UBERLÃNDIA COOPERATIVA REGIONAL TRABALHO MÃDICO LTDA;MG;237313337.0;79104445.66666667;53040531.31344721
320510.0;ATÃVIA SERVIÃOS DE SAÃDE S/A;SP;234909350.0;117454675.0;3025207.8708825945
328031.0;UNIMED FEDERAÃAO DO ESTADO DO MATO GROSSO;MT;234650903.0;78216967.66666667;120329066.9904785
421367.0;MEDHEALTH PLANOS DE SAÃDE LTDA;PR;232619592.0;77539864.0;240504.7723040023
367397.0;UNIMED CAMPINA GRANDE - COOPERATIVA DE TRABALHO MEDICO LTDA;PB;229320804.0;76440268.0;46279373.25476808
342556.0;ASSOCIAÃÃO DR. BARTHOLOMEU TACCHINI;RS;228883684.0;76294561.33333333;41050562.220776774
302953.0;UNIMED DE MACAÃ COOPERATIVA DE ASSISTÃNCIA Ã SAÃDE;RJ;228387020.0;76129006.66666667;90978905.28260896
337374.0;UNIMED PORTO VELHO - SOCIEDADE COOPERATIVA MÃDICA LTDA;RO;226661361.0;75553787.0;2589731.2395914756
357022.0;UNIMED ERECHIM - COOPERATIVA DE SERVIÃOS DE SAÃDE LTDA.;RS;226056720.0;75352240.0;117114774.04511356
416398.0;HOSPITAIS E CLÃNICAS DO PIAUÃ S/S LTDA;PI;225305209.0;75101736.33333333;23730181.059964888
424188.0;SERV  SOCIAL AUTÃNOMO DE ASSIST Ã SAÃDE DOS SERV PÃBLICOS E MILITARES DE GOIÃS;GO;220918379.0;110459189.5;8159646.680686885
386588.0;UNIMED GOVERNADOR VALADARES COOP. DE TRABALHO MÃDICO LTDA.;MG;219806195.0;73268731.66666667;55858086.325966835
335258.0;UNIODONTO DE FORTALEZA COOPERATIVA DE TRABALHO ODONTOLOGICO LTDA;CE;217521464.0;72507154.66666667;1736089.5905034204
364584.0;UNIMED DE VOLTA REDONDA COOPERATIVA DE TRABALHO MÃDICO;RJ;217314499.0;72438166.33333333;7352415.952316716
393321.0;UNIMED-RIO COOPERATIVA DE TRABALHO MEDICO DO RIO DE JANEIRO;RJ;213837287.0;213837287.0;0.0
331317.0;REAL GRANDEZA - FUNDAÃÃO DE PREVIDÃNCIA E ASSISTÃNCIA SOCIAL;RJ;213684136.0;71228045.33333333;120522450.65976112
417599.0;ASSOCIAÃAO DOS FUNCIONARIOS PUBLICOS DO ESTADO DO RIO GRANDE DO SUL;RS;213101086.0;71033695.33333333;47952591.60119664
353353.0;UNIMED TERESINA - COOPERATIVA DE TRABALHO MÃDICO;PI;213020506.0;71006835.33333333;70304479.37497297
319384.0;UNIMED PLANALTO MÃDIO/RS - COOPERATIVA DE ASSISTÃNCIA Ã SAÃDE LTDA.;RS;212571869.0;70857289.66666667;110757063.62886457
414352.0;HBC SAÃDE LTDA.;SP;211568103.0;70522701.0;8762729.65635178
367087.0;COOPERATIVA CENTRAL UNIMED DE COOPERATIVAS DE ASSISTÃNCIA Ã SAÃDE DO RIO GRANDE DO SUL LTDA.;RS;208837244.0;69612414.66666667;88336251.16538578
414573.0;UNIMED CENTRO PAULISTA - FEDERAÃÃO INTRAFEDERATIVA DAS COOPERATIVAS MÃDICAS;SP;206190463.0;68730154.33333333;75650376.23236239
333875.0;IRMANDADE DA SANTA CASA DE MISERICÃRDIA DE PASSOS;MG;203986940.0;67995646.66666667;76438458.11435127
417173.0;QUALICORP ADMINISTRADORA DE BENEFÃCIOS S.A.;SP;201696748.0;67232249.33333333;115561495.66606507
317233.0;FUNDAÃÃO CHESF DE ASSISTÃNCIA E SEGURIDADE SOCIAL;PE;195887984.0;65295994.666666664;101074094.80767685
423629.0;AURORA SAÃDE LTDA;MG;195633752.0;65211250.666666664;43729670.788994715
306762.0;UNIMED REGIONAL JAU - COOPERATIVA DE TRABALHO MÃDICO;SP;195158305.0;65052768.333333336;92795018.70415863
322831.0;UNIMED ITAJUBA COOPERATIVA DE TRABALHO MEDICO;MG;191701582.0;63900527.333333336;105851454.9447199
419052.0;AMAZÃNIA PLANOS DE SAÃDE LTDA;PA;190600608.0;63533536.0;3930098.4903713292
416568.0;ASSOCIAÃÃO DE ASSISTÃNCIA Ã SAÃDE DOS EMPREGADOS DA COPASA;MG;190065462.0;63355154.0;85401919.17431358
416495.0;MATÃO CLINICAS & AMHMA SAÃDE LTDA;SP;190059522.0;63353174.0;837250.3246048938
357715.0;UNIMED DE MINEIROS COOPERATIVA DE TRABALHO MÃDICO ;GO;188129093.0;62709697.666666664;103905631.85961965
414905.0;VITA ASSISTÃNCIA A SAÃDE LTDA.;MG;186119458.0;62039819.333333336;3485960.614065702
369292.0;UNIMED DE SANTA BÃRBARA D'OESTE E AMERICANA - COOP DE TRABALHO MÃDICO;SP;184600528.0;61533509.333333336;11724426.316482754
336106.0;UNIMED DE MARILIA COOPERATIVA DE TRABALHO MÃDICO;SP;184509835.0;61503278.333333336;52160740.43996508
325465.0;AMPARA ASSISTÃNCIA MÃDICA PARAÃSO LTDA;MG;184423386.0;61474462.0;12680987.710087728
423505.0;XP ADMINISTRADORA DE BENEFÃCIOS LTDA.;SP;182512786.0;60837595.333333336;1402241.616564469
333051.0;UNIMED DE GUARULHOS COOPERATIVA DE TRABALHO MÃDICO;SP;179948035.0;59982678.333333336;66651185.15813807
334561.0;UNIMED BLUMENAU - COOPERATIVA DE TRABALHO MEDICO;SC;179513343.0;59837781.0;63340525.68589638
311618.0;UNIMED MISSÃES/RS - COOPERATIVA DE ASSISTÃNCIA Ã SAÃDE LTDA.;RS;178983821.0;59661273.666666664;24093312.956679836
419419.0;BRASILDENTAL OPERADORA DE PLANOS ODONTOLÃGICOS S.A.;SP;177220821.0;59073607.0;241309.18022114286
337498.0;UNIMED TRÃS RIOS COOPERATIVA DE TRABALHO MÃDICO;RJ;176633451.0;58877817.0;3720811.312405535
422592.0;VITTA SAUDE ADMINISTRADORA DE BENEFICIOS LTDA.;SP;174698793.0;58232931.0;506369.50738270173
318477.0;OPERADORA UNICENTRAL DE PLANOS DE SAÃDE LTDA.;SP;174563825.0;58187941.666666664;305140.3756999934
417505.0;CEMIG SAÃDE;MG;173425123.0;57808374.333333336;77434776.77739842
314587.0;UNIMED VIÃOSA - COOPERATIVA DE TRABALHO MÃDICO;MG;170980882.0;56993627.333333336;90316453.12490207
421766.0;BEST SENIOR OPERADORA DE SAÃDE LTDA;ES;169272221.0;56424073.666666664;2757891.1827039765
422754.0;ODILE SERVIÃOS DE SAÃDE LTDA.;SP;168521152.0;56173717.333333336;62208215.29420126
424391.0;HOSPITAL DE CLÃNICAS DE PASSO FUNDO;RS;168065049.0;56021683.0;52122392.53812062
424129.0;HOSPITAL MATERNIDADE SÃO VICENTE DE PAULO;CE;165161661.0;55053887.0;84781605.82229684
362140.0;UNIMED OESTE DO PARÃ - COOPERATIVA DE TRABALHO MÃDICO;PA;165047072.0;55015690.666666664;75195131.91222595
324213.0;UNIMED NORTE/NORDESTE-FEDERAÃÃO INTERFEDERATIVA DAS SOCIEDADES COOPERATIVAS DE TRABALHO MÃDICO EM RECUPERAÃÃO JUDICIAL;PB;164739633.0;54913211.0;14958489.331941111
423661.0;NOVA SAÃDE OPERADORA INTEGRADA DE SAÃDE LTDA;RJ;164030191.0;54676730.333333336;405462.144798171
309907.0;UNIMED PALMAS COOPERATIVA DE TRABALHO MÃDICO;TO;163086360.0;54362120.0;65419998.7759409
412252.0;SV SAUDE ADMINSTRADORES DE PLANO DE SAUDE LTDA;RJ;162606393.0;54202131.0;237750.6173640775
300870.0;UNIMED DO BRASIL - CONF. NACIONAL DAS COOPERATIVAS MÃDICAS;SP;160553610.0;53517870.0;67885304.64427173
372609.0;NOSSA SAÃDE - OPERADORA PLANOS PRIVADOS DE ASSISTÃNCIA  Ã SAÃDE LTDA.;PR;159541311.0;53180437.0;30522682.074691813
414654.0;SEMPRE ODONTO PLANOS ODONTOLOGICOS LTDA;RJ;158282322.0;52760774.0;111393.21587511513
358754.0;CAIXA DE ASSISTÃNCIA DOS FUNCIONÃRIOS DO BANCO DA AMAZÃNIA - CASF;PA;157542401.0;52514133.666666664;90737452.9378471
356417.0;UNIMED VALE DO SINOS - COOPERATIVA DE ASSISTÃNCIA Ã SAÃDE LTDA;RS;157005143.0;52335047.666666664;27390221.298380017
324299.0;PLAMER PLANO MEDICO RESENDE LTDA;RJ;154626743.0;51542247.666666664;172257.6238438627
335479.0;UNIMED NOVA FRIBURGO-SOC.COOP.SERV.MED.HOSP.LTDA.;RJ;153353091.0;51117697.0;62995155.44627259
318035.0;UNIMED GUAXUPÃ COOPERATIVA DE TRABALHO MEDICO;MG;151618314.0;50539438.0;60216411.74462657
419249.0;ASSOCIAÃÃO SANTA CASA SAÃDE DE SÃO JOSÃ DOS CAMPOS;SP;151585140.0;50528380.0;10390708.02608162
343676.0;SAMOC S.A. - SOCIEDADE ASSISTENCIAL MÃDICA E ODONTO CIRÃRGICA;RJ;150098646.0;50032882.0;7112387.934631519
369411.0;UNIMED DE ARACATUBA - COOPERATIVA DE TRABALHO MÃDICO;SP;149695002.0;49898334.0;44019165.5326106
355691.0;UNIMED DO ESTADO DE SANTA CATARINA FED. EST. DAS COOP. MÃD.;SC;149610385.0;49870128.333333336;29982514.39692571
414662.0;VIVENTERIS LTDA;PR;149287933.0;49762644.333333336;6106093.132941089
419753.0;MEDGOLD ASSISTENCIA MEDICA LTDA - ME;MG;149002468.0;49667489.333333336;2604508.666835328
342131.0;UNIMED VILHENA - COOPERATIVA DE TRABALHO MEDICO LTDA;RO;146917016.0;48972338.666666664;8974692.052304432
413330.0;AMEP FREGUESIA OPERADORA DE PLANO DE SAUDE LTDA;RJ;146854566.0;48951522.0;629335.1828215232
335517.0;UNIMED ITABIRA COOPERATIVA DE TRABALHO MÃDICO;MG;145102110.0;48367370.0;74742085.31396528
342084.0;UNIMED CUIABA COOPERATIVA DE TRABALHO MÃDICO;MT;144979355.0;48326451.666666664;59491870.5869996
348520.0;NOTRE DAME INTERMÃDICA MINAS GERAIS SAÃDE S.A.;CE;143578592.0;47859530.666666664;47283405.419845074
418960.0;CORPORE ADMINISTRADORA DE BENEFICIOS DA SAUDE LTDA;SP;141632179.0;47210726.333333336;7646931.284144139
304531.0;AME-ASSISTÃNCIA MÃDICA A EMPRESAS LTDA;MG;140337464.0;46779154.666666664;5428859.955911216
409243.0;SAUDE PAS - MEDICINA E ODONTO;RS;139324017.0;46441339.0;37547288.46109827
415081.0;PORTO DIAS SAUDE LTDA.;PA;138850161.0;46283387.0;77837.79157324544
303739.0;SERMED-SAÃDE LTDA.;SP;138112718.0;46037572.666666664;26710939.97764035
330108.0;UNIMED CURVELO COOPERATIVA DE TRABALHO MÃDICO LTDA.;MG;137659152.0;45886384.0;41747729.997387536
359033.0;UNIMED TRÃS CORAÃÃES COOPERATIVA DE TRABALHO MÃDICO LTDA.;MG;136022868.0;45340956.0;66743285.28381482
347507.0;UNIMED CENTRO RONDÃNIA COOPERATIVA DE TRABALHO MÃDICO;RO;134772269.0;44924089.666666664;53846216.639977224
411582.0;PLANO DE SAUDE ASES LTDA.;RJ;134337602.0;44779200.666666664;314893.53294777824
325236.0;ASSISTÃNCIA MÃDICA SÃO MIGUEL LTDA;SP;134059806.0;44686602.0;3292029.1834982266
364312.0;UNIMED DE ARARAQUARA - COOP. DE TRAB. MÃDICO;SP;133612483.0;44537494.333333336;44007175.095248275
417815.0;SUL AMÃRICA ODONTOLÃGICO S/A;SP;133507582.0;44502527.333333336;6719871.360066749
353060.0;UNIMED PATOS DE MINAS COOPERATIVA TRABALHO MÃDICO LTDA.;MG;133016230.0;44338743.333333336;67509783.11068821
311146.0;UNIMED COSTA VERDE RJ;RJ;132702713.0;44234237.666666664;18853406.255640633
302627.0;CAIXA DE ASSISTÃNCIA DOS MAGISTRADOS DE PERNAMBUCO;PE;131485256.0;43828418.666666664;44657564.84653342
304123.0;UNIMED DE AVARÃ COOPERATIVA DE TRABALHO MÃDICO;SP;130752256.0;43584085.333333336;45979721.50093687
346209.0;UNIMED EXTREMO SUL COOPERATIVA DE TRABALHO MÃDICO;BA;130387914.0;43462638.0;26408097.34450712
418820.0;CAIXA DE ASSISTÃNCIA AOS MEMBROS DA DEFENSORIA PÃBLICA DO ESTADO DO RIO DE JANEIRO;RJ;129327598.0;43109199.333333336;29759135.187811375
318299.0;BENEFICENCIA CAMILIANA DO SUL;SP;129014152.0;64507076.0;69299442.89004402
413160.0;GS PLANO GLOBAL DE SAÃDE LTDA;RJ;128918492.0;42972830.666666664;23103182.131435536
314099.0;UNIMED VALE DO SEPOTUBA - COOPERATIVA DE TRABALHO MÃDICO;MT;128001149.0;42667049.666666664;48877043.94892184
318566.0;UNIMED METROPOLITANA DO AGRESTE - COOPERATIVA DE TRABALHO MÃDICO;AL;126523678.0;42174559.333333336;42209549.58301551
304131.0;ASSOCIAÃÃO BENEFICENTE DE ASSISTÃNCIA A SAÃDE DOS JUÃZES DO TRABALHO DA 15Âª REGIÃO (ABAS 15);SP;126316435.0;42105478.333333336;71397069.25624917
421715.0;BRADESCO SAÃDE - OPERADORA DE PLANOS  S/A;SP;126197424.0;42065808.0;40504714.41693809
414204.0;EXTRAMED ADMINISTRAÃÃO E SERVIÃOS MÃDICOS LTDA;PR;125574754.0;41858251.333333336;10872064.687458832
365645.0;DONA SAÃDE CLINICAS LTDA ;SP;125363350.0;41787783.333333336;34765.671018023044
357391.0;UNIMED VITORIA COOPERATIVA DE TRABALHO MEDICO;ES;124978990.0;41659663.333333336;45954076.77416411
329339.0;UNIMED DE CRICIÃMA COOPERATIVA DE TRABALHO MÃDICO DA REGIÃO CARBONÃFERA;SC;123690037.0;41230012.333333336;42511184.185094
418650.0;MÃTUA DOS MAGISTRADOS DO ESTADO DO RIO DE JANEIRO;RJ;123051373.0;41017124.333333336;67039241.70614457
323055.0;UNIMED NORTE PAULISTA - COOPERATIVA DE TRABALHO MÃDICO;SP;122625354.0;40875118.0;19617772.171011772
352586.0;SISTEMAS E PLANOS DE SAÃDE LTDA.;SP;122260147.0;40753382.333333336;16299378.748456528
312720.0;UNIMED DO ESTADO DO PARANÃ FEDERAÃÃO ESTADUAL DAS COOPERATIVAS MÃDICAS;PR;122195093.0;40731697.666666664;36228362.24656647
325571.0;UNIMED SERRA GAUCHA/RS COOPERATIVA DE ASSISTENCIA A SAUDE LTDA;RS;121779419.0;40593139.666666664;47902774.02245058
414387.0;ODONTOART PLANOS ODONTOLÃGICOS LTDA;CE;121771280.0;40590426.666666664;12987209.596736336
315567.0;FUNDAÃÃO AFFEMG DE ASSISTÃNCIA E SAÃDE - FUNDAFFEMG;MG;121033095.0;40344365.0;68526730.50592393
331341.0;UNIMED DE BEBEDOURO COOPERATIVA DE TRABALHO MÃDICO;SP;119478104.0;39826034.666666664;56829597.15467486
324566.0;UNIMED DE CATALÃO COOPERATIVA DE TRABALHO MÃDICO;GO;119349540.0;39783180.0;63852029.97555919
328294.0;UNIMED NORDESTE PAULISTA - FED. INTRAFEDERATIVA DAS COOP. MÃDICAS;SP;116203736.0;38734578.666666664;38352845.053998485
366064.0;UNIMED NORTE PIONEIRO - COOPERATIVA DE TRABALHO MÃDICO;PR;115361098.0;38453699.333333336;54240098.66726576
414930.0;SAÃDE SANTA TEREZA LTDA.;SP;113709443.0;37903147.666666664;29602055.17417016
422487.0;VOCÃ TOTAL PLANOS DE SAÃDE LIMITADA;SP;113691411.0;37897137.0;131083.830684795
306126.0;UNIMED DE RIO CLARO SP COOPERATIVA DE TRABALHO MEDICO;SP;113507626.0;37835875.333333336;49486444.424333274
422631.0;ASSOCIAÃÃO PETROBRAS DE SAÃDE - APS;RJ;111600474.0;55800237.0;75395475.50447711
358282.0;UNIMED NORTE DO PARANÃ COOPERATIVA REGIONAL DE TRABALHO MÃDICO;PR;110756449.0;36918816.333333336;1418928.1636060125
422088.0;ODONT-OPERADORA ODONTOLOGICA LTDA;SP;110393499.0;36797833.0;821252.7286280394
423335.0;UNITY SERVIÃOS INTEGRADOS DE SAÃDE LTDA.;DF;109953355.0;36651118.333333336;9260703.964683047
306886.0;UNIMED JUIZ DE FORA COOPERATIVA DE TRABALHO MÃDICO LTDA;MG;108840460.0;36280153.333333336;11903996.474446777
417301.0;VALEM ADMINISTRADORA DE BENEFÃCIOS LTDA;MG;108360294.0;36120098.0;164200.76371016062
421871.0;ANGELI SISTEMAS DE SAUDE S.A.;PR;107911224.0;35970408.0;4496843.178876377
311961.0;UNIMED DE MANAUS COOP. DO TRABALHO MÃDICO LTDA;AM;106897800.0;35632600.0;26140797.03643267
419958.0;ASSOCIAÃÃO PLANO DE SAÃDE SANTA CASA DE VALINHOS;SP;105632063.0;35210687.666666664;3829518.6750666643
340162.0;SAMIG - SERV. DE ASSISTENCIA MEDICA DA ILHA DO GOVERNADOR LTDA;RJ;104788636.0;34929545.333333336;7256003.921275561
314706.0;HOSPITAL CESAR LEITE;MG;104425039.0;34808346.333333336;31246653.05693415
354562.0;IRMANDADE DA SANTA CASA DE MISERICÃRDIA DE PIRACICABA;SP;103325811.0;51662905.5;73059242.07559109
345709.0;UNIMED CONSELHEIRO LAFAIETE COOPERATIVA DE TRABALHO MÃDICO LTDA;MG;102585675.0;34195225.0;27359177.117864728
403962.0;SÃO FRANCISCO ASSISTÃNCIA MÃDICA LTDA;PE;102300445.0;34100148.333333336;5383299.144445933
410624.0;CONFIANÃA ASSISTÃNCIA MÃDICO HOSPITALAR LTDA;MG;102268068.0;34089356.0;72445.3074463764
417092.0;CENTRAL OPERADORA DE PLANOS DE SAÃDE NORTE-NORDESTE LTDA;PB;102237201.0;34079067.0;377566.3186739516
422584.0;PB ASSISTENCIA MEDICA EU LTDA;BA;101520632.0;33840210.666666664;24927669.75227202
422771.0;TEMPO MED PLANO DE SAUDE LTDA;SC;101321234.0;33773744.666666664;1974271.2006857968
421189.0;BENEFICENCIA SOCIAL BOM SAMARITANO;MG;101185935.0;33728645.0;58294000.21349906
421723.0;HEALTH-MED SISTEMA DE SAUDE LTDA;RJ;99356549.0;33118849.666666668;2271173.220039003
345598.0;UNIMED AMPARO COOPERATIVA DE TRABALHO MÃDICO;SP;98014002.0;32671334.0;28120442.610103723
419486.0;PLADISA PLANOS DE SAÃDE SA;SC;97838251.0;32612750.333333332;26074593.203832142
418692.0;RESOLVE ADMINISTRADORA DE BENEFÃCIOS LTDA;PI;97836687.0;32612229.0;52993822.93828785
301124.0;UNIMED GURUPI COOPERATIVA DE TRABALHO MÃDICO;TO;97482681.0;32494227.0;14299544.188715981
319121.0;UNIMED DIVINOPOLIS - COOPERATIVA DE TRABALHO MEDICO LTDA;MG;97053892.0;32351297.333333332;10940810.627036614
330264.0;UNIMED DE BARRA MANSA SOC. COOP. SERV.MED.E HOSPIT.;RJ;96824413.0;32274804.333333332;49431185.16666737
330566.0;UNIMED RESENDE COOPERATIVA DE TRABALHO MÃDICO;RJ;96824225.0;32274741.666666668;25566945.026127238
422371.0;SF SISTEMAS DE SAÃDE LTDA;SP;94606738.0;31535579.333333332;9564025.560286336
349712.0;UNIMED PONTA GROSSA COOPERATIVA DE TRABALHO MEDICO;PR;94452956.0;31484318.666666668;29391035.661402684
301728.0;PRONTOMED PLANOS DE SAÃDE LTDA;MG;93478247.0;31159415.666666668;2406858.2067193594
371777.0;UNIMED NORTE CAPIXABA- COOPERATIVA DE TRABALHO MÃDICO;ES;93144891.0;31048297.0;5245006.939900175
416525.0;PRIMA VIDA ODONTOLOGIA DE GRUPO LIMITADA;RJ;92862467.0;30954155.666666668;2923911.833134736
420085.0;SANTA CASA DE SAÃDE - SCS;ES;92654808.0;30884936.0;17932455.3563785
300713.0;UNIMED DE ASSIS COOPERATIVA DE TRABALHO MÃDICO;SP;92592037.0;30864012.333333332;27039764.265323028
420981.0;S1 OPERADORA DE PLANO DE SAÃDE LTDA;DF;91748898.0;30582966.0;153445.98734082296
417840.0;NOVODENTE S/A;RS;90726516.0;90726516.0;0.0
423351.0;AME VVIDA PLANOS DE SAUDE INTEGRADO LTDA.;RO;90610262.0;30203420.666666668;6558752.873385025
313751.0;UNIODONTO DE SÃO JOSÃ DOS CAMPOS COOPERATIVA DE TRABALHO ODONTOLÃGICO;SP;90599952.0;30199984.0;44220693.59811892
418021.0;ASSOCIAÃÃO SANTA SAÃDE;SP;89108487.0;29702829.0;29137943.280703463
423700.0;EVO SAUDE ASSISTENCIA MEDICA LTDA;DF;88674653.0;29558217.666666668;1424855.891528099
313084.0;COOPERATIVA DE TRABALHO MEDICO DE ARAGUAÃNA - UNIMED ARAGUAÃNA;TO;88642569.0;29547523.0;24379345.954316024
371629.0;UNIMED NOROESTE CAPIXABA COOPERATIVA DE TRABALHO MÃDICO.;ES;87442134.0;29147378.0;24399930.95952626
422151.0;ATITUDE SAÃDE ASSISTÃNCIA MEDICA LTDA;BA;87420613.0;29140204.333333332;3465430.5730099883
334154.0;UNIMED DE CAÃAPAVA - COOPERATIVA DE TRABALHO MEDICO;SP;86810680.0;28936893.333333332;32017771.05067941
358053.0;SELECT OPERADORA DE PLANO DE SAUDE LTDA;GO;86208549.0;28736183.0;348580.00683774165
304212.0;ON MED ASSISTÃNCIA MÃDICA LTDA;RS;85916351.0;28638783.666666668;1890935.093992476
335614.0;SAMEDIL SERVIÃOS DE ATENDIMENTO MÃDICO S/A;ES;85835422.0;28611807.333333332;36981915.967597425
362573.0;UNIMED DE UBA COOPERATIVA DE TRABALHO MEDICO;MG;85252397.0;28417465.666666668;37791863.98934358
331872.0;UNIMED SAO JOSE DOS CAMPOS - COOPERATIVA DE TRABALHO MEDICO;SP;83733145.0;27911048.333333332;5104588.008622178
335215.0;UNIMED ARARUAMA COOPERATIVA DE TRABALHO MÃDICO LTDA;RJ;83545726.0;27848575.333333332;42438275.639206134
326755.0;ASSOCIAÃÃO EVANGELICA BENEFICENTE DE LONDRINA;PR;82893575.0;27631191.666666668;31762796.866332036
323926.0;UNIMED SÃO JOÃO DEL REI - COOPERATIVA DE TRABALHO MÃDICO;MG;82527424.0;27509141.333333332;17654448.193074636
421341.0;CAIXA DE ASSISTÃNCIA Ã SAÃDE DOS SERVIDORES PÃBLICOS DO ESTADO DO MATO GROSSO DO SUL;MS;82068854.0;27356284.666666668;24560839.95590864
422941.0;ARL ADMINISTRADORA DE BENEFÃCIOS LTDA.;SP;82005600.0;27335200.0;2055032.6759273196
423858.0;AMPLITUDE PLANOS DE SAUDE LTDA ;MG;81267607.0;27089202.333333332;64767.71700726616
324175.0;UNIMED SUDOESTE DE MINAS COOPERATIVA DE TRABALHO MÃDICO;MG;80459221.0;26819740.333333332;19794184.05888589
370070.0;UNIMED DE CASCAVEL COOPERATIVA DE TRABALHO MÃDICO;PR;79822845.0;26607615.0;24833106.599425774
364860.0;UNIMED DE TUBARAO - COOPERATIVA DE TRABALHO MEDICO DA REGIAO DA AMUREL;SC;78968948.0;26322982.666666668;21031888.16708154
401081.0;AMESC - ASSOCIAÃÃO MÃDICA ESPÃRITA CRISTÃ;RJ;78404392.0;26134797.333333332;13682589.556129657
419141.0;ASSOCIAÃÃO SÃO FRANCISCO VIDA;SP;78041347.0;26013782.333333332;17717073.505535793
363855.0;CAIXA DE ASSISTÃNCIA DOS EMPREGADOS DA SANEAGO;GO;77972884.0;25990961.333333332;153349.331479904
422746.0;SALUSMED OPERADORA DE PLANOS DE SAUDE LTDA;SP;76895351.0;25631783.666666668;518776.97698465094
379280.0;LIV LINHAS INTELIGENTES DE ATENÃÃO Ã VIDA S/A;SP;75601815.0;25200605.0;1322276.7610137449
305626.0;PRONTOCLINICA E HOSPITAIS SAO LUCAS S/A;MG;75562443.0;25187481.0;3389922.6898531183
314668.0;ABERTTA SAÃDE - ASSOCIAÃÃO BENEFICENTE DOS EMPREGADOS DA ARCELORMITTAL NO BRASIL;MG;75233581.0;25077860.333333332;39300869.64303627
328308.0;UNIMED DE MOCOCA COOPERATIVA DE TRAB. MÃDICO;SP;74879197.0;24959732.333333332;17330790.133537892
350494.0;UNIODONTO DE CAMPINAS COOPERATIVA ODONTOLÃGICA;SP;74420436.0;24806812.0;8563859.698243778
420166.0;PLANO DE SAÃDE DA SANTA CASA DE BRAGANÃA PAULISTA;SP;73132785.0;24377595.0;19150567.3315471
415936.0;PLANO ODONTOLÃGICO DENTALVIDAS LTDA.;SP;72336490.0;24112163.333333332;1156088.855384972
422053.0;ASSOCIAÃÃO FCA SAÃDE;MG;71925797.0;23975265.666666668;19783971.155609086
329355.0;IRMANDADE DE MISERICORDIA DE PORTO FERREIRA;SP;71234441.0;23744813.666666668;11251893.019144038
364592.0;LEADER ASSISTÃNCIA MÃDICA E HOSPITALAR LTDA.;SP;71179940.0;23726646.666666668;2913920.627564404
419699.0;OPERADORA DE PLANOS PRIVADOS DE SAÃDE - SANTA CASA SAÃDE LTDA;MS;71097201.0;23699067.0;33684829.55208883
304441.0;NACIONAL ODONTO OPERADORA DE PLANOS ODONTOLÃGICOS LTDA.;PE;70891135.0;23630378.333333332;972814.1735523455
360449.0;UNIMED GRANDE FLORIANÃPOLIS-COOPERATIVA DE TRABALHO MEDICO;SC;70890593.0;23630197.666666668;26049820.277859315
404241.0;COOPERATIVA DOS USUÃRIOS DE SERVIÃOS DE SAÃDE DO VALE DO RIO DOS SINOS LTDA;RS;70830872.0;23610290.666666668;36490828.43439783
354031.0;UNIMED SÃO CARLOS - COOPERATIVA DE TRABALHO MÃDICO;SP;70702323.0;23567441.0;34833928.30256661
414701.0;SERVDONTO - PLANO DE ASSISTÃNCIA ODONTOLÃGICA LTDA;SE;69824637.0;23274879.0;3256762.995332482
351407.0;UNIMED DE CATANDUVA - COOPERATIVA DE TRABALHO MÃDICO;SP;69315210.0;23105070.0;10218896.69545382
422380.0;YOU ASSISTÃNCIA MÃDICA LTDA.;MG;69023614.0;69023614.0;0.0
354996.0;UNIMED ALFENAS COOPERATIVA DE TRABALHO MEDICO;MG;68784501.0;22928167.0;5009517.605619128
317012.0;COOPERATIVA DE TRABALHO MÃDICO DO PLANALTO NORTE DE SANTA CATARINA LTDA;SC;68383162.0;22794387.333333332;36975527.51963188
422070.0;ELETROS SAÃDE - ASSOCIAÃÃO DE ASSISTÃNCIA Ã SAÃDE;RJ;67860059.0;22620019.666666668;21061729.31790553
417947.0;ASSOCIAÃÃO DA SANTA CASA SAÃDE DE RIBEIRÃO PRETO;SP;67677241.0;22559080.333333332;8291268.89286467
347108.0;UNIMED DE BARRETOS COOPERATIVA DE TRABALHO MÃDICO;SP;67600129.0;22533376.333333332;7863277.596917544
360783.0;ASSOCIACAO DE SAUDE HOLAMBRA;SP;67274587.0;22424862.333333332;9513712.773735305
312282.0;INTERMEDICI PIRACICABA ASSISTENCIA MEDICA LTDA;SP;65976852.0;21992284.0;1443013.9691863693
352314.0;UNIMED JOÃO MONLEVADE COOPERATIVA DE TRABALHO MÃDICO LTDA.;MG;65919955.0;21973318.333333332;4713933.854357562
342611.0;ECONOMUS INSTITUTO DE SEGURIDADE SOCIAL;SP;65705809.0;21901936.333333332;3556404.6241689567
352543.0;UNIMED MARANHÃO DO SUL - COOPERATIVA DE TRABALHO MÃDICO;MA;65490640.0;21830213.333333332;15899794.69267705
419095.0;LANCERS ADMINISTRADORA DE BENEFÃCIOS DE SAÃDE LTDA.;SP;64877686.0;21625895.333333332;1178479.3991688322
415065.0;MAIS SAÃDE PLANO DE SAÃDE LTDA;GO;64477631.0;21492543.666666668;207090.79735790563
338648.0;FUNDAÃÃO SANEPAR DE ASSISTÃNCIA SOCIAL;PR;64322297.0;21440765.666666668;36945230.6792113
304344.0;UNIMED PARÃ DE MINAS COOPERATIVA DE TRABALHO MÃDICO LTDA.;MG;64107389.0;21369129.666666668;33236058.4026637
370681.0;UNIMED PATO BRANCO SOCIEDADE COOPERATIVA DE MÃDICOS;PR;64055147.0;21351715.666666668;14596769.035677327
306754.0;ASSOCIAÃÃO DOS FUNCIONÃRIOS DO FISCO DO ESTADO DE GOIÃS;GO;62853427.0;20951142.333333332;19373478.720504954
352179.0;UNIMED FRONTEIRA NOROESTE/RS - COOPERATIVA DE ASSISTÃNCIA Ã SAÃDE LTDA.;RS;62727648.0;20909216.0;1368957.827791638
421642.0;EXCELÃNCIA PLANO DE SAÃDE S/A;ES;62242841.0;20747613.666666668;20224977.473363236
418749.0;CEDPLAN SAÃDE LTDA EPP;MG;62211997.0;20737332.333333332;8130158.653001942
321931.0;CONFERÃNCIA SÃO JOSÃ DO AVAÃ;RJ;62146927.0;20715642.333333332;25182948.377160177
419516.0;MAIS SAUDE S/A;ES;61859250.0;30929625.0;63109.28022089937
339458.0;DENTAL CENTER LTDA;PB;61494715.0;20498238.333333332;786812.8102314634
321958.0;UNIMED DO CEARÃ - FEDERAÃÃO DAS SOCIEDADES COOPERATIVAS MÃDICAS DO ESTADO DO CEARÃ LTDA.;CE;61174931.0;20391643.666666668;2081450.0488016356
300730.0;DENTAL GOLD ASSISTÃNCIA ODONTOLÃGICA LTDA.;PB;60822794.0;20274264.666666668;4841238.956040522
313475.0;UNIMED REGIONAL DE PICOS - COOPERATIVA DE TRABALHO MÃDICO;PI;60610427.0;20203475.666666668;34404077.463592455
419427.0;INSTITUIÃÃO BENEFICENTE CEL MASSOT - IBCM;RS;60547791.0;20182597.0;16782370.123735175
307751.0;FUNDAÃAO COMPESA DE PREVIDENCIA E ASSISTENCIA - COMPESAPREV;PE;60080729.0;20026909.666666668;33266121.301676277
371254.0;UNIMED REGIONAL MARINGÃ COOP.DE TRABALHO MÃDICO;PR;59406457.0;19802152.333333332;3262206.543039593
424285.0;AIRES OPERADORA DE SAUDE LTDA;PE;59309405.0;19769801.666666668;999140.1887794994
385620.0;UNIMED DE LORENA COOPERATIVA DE TRABALHO MÃDICO;SP;59290581.0;19763527.0;4341240.927679895
417297.0;ELOSAÃDE - ASSOCIAÃÃO DE ASSISTÃNCIA Ã SAÃDE;SC;58920462.0;19640154.0;27659730.769596223
320251.0;UNIMED RIO VERDE COOPERATIVA TRABALHO MEDICO;GO;58672896.0;19557632.0;21943481.336837303
423718.0;SUL DO PARÃ LTDA;PA;58650230.0;19550076.666666668;485639.3198252514
420841.0;INTERCLINICAS PLANO VIDA USA OPERADORA DE SAUDE LTDA;SP;57205027.0;19068342.333333332;6486083.112795914
335541.0;UNIMED VALE DAS ANTAS, RS - COOPERATIVA DE ASSISTÃNCIA Ã SAÃDE LTDA.;RS;57021941.0;19007313.666666668;21251597.570393536
320862.0;UNIMED DE PARANAVAÃ COOPERATIVA DE TRABALHO MÃDICO;PR;56393326.0;18797775.333333332;19722358.276019942
419443.0;G2C ADMINISTRADORA DE BENEFICIOS LTDA - ME;RJ;55440000.0;18480000.0;18451829.177618135
416401.0;CAIXA DE ASSISTÃNCIA DOS EMPREGADOS DA EMPRESA BRASILEIRA DE PESQUISA  AGROPECUÃRIA;DF;54944764.0;18314921.333333332;30952521.90402692
389854.0;ODONTOGROUP SISTEMA DE SAÃDE LTDA.;DF;54841820.0;18280606.666666668;3572283.6150464504
422304.0;CARING SAÃDE ASSISTÃNCIA MÃDICA LTDA.;RJ;54355365.0;18118455.0;62467.868340451634
308811.0;UNIMED VALE DO PIQUIRI-COOPERATIVA DE TRABALHO MÃDICO VALE DO PIQUIRI ;PR;54208076.0;18069358.666666668;10266956.840185136
350371.0;UNIMED DO SUDOESTE COOPERATIVA DE TRABALHO MEDICO LTDA;BA;53846009.0;17948669.666666668;2464061.5108406553
336831.0;IRMANDADE SANTA CASA DE MISERICÃRDIA DE MARINGÃ;PR;53833657.0;17944552.333333332;15009818.284156818
421359.0;RIO DOCE SAÃDE;ES;53532885.0;17844295.0;2686438.4490762115
325031.0;UNIMED DE LENÃOIS PAULISTA - COOPERATIVA DE TRABALHO MÃDICO;SP;53478902.0;17826300.666666668;26533293.597706567
348244.0;UNIMED DE BRUSQUE COOPERATIVA DE TRABALHO MÃDICO;SC;53050691.0;17683563.666666668;15471145.313162705
418285.0;FUNDAÃÃO FIAT SAÃDE E BEM ESTAR;MG;52994567.0;17664855.666666668;26033013.87744539
423912.0;ASSISTÃNCIA MÃDICA 12 DE OUTUBRO LTDA;SP;52501532.0;17500510.666666668;1434801.835820659
345091.0;SANTA CASA DE MISERICORDIA DE SAO JOAQUIM DA BARRA;SP;52397750.0;17465916.666666668;3574067.8690791996
417289.0;ALL CARE ADMINISTRADORA DE BENEFÃCIOS SÃO PAULO LTDA;SP;51581126.0;17193708.666666668;6018519.398037887
311391.0;UNIODONTO DE MANAUS - COOPERATIVA ODONTOLÃGICA LTDA.;AM;51125293.0;17041764.333333332;2085438.0623375836
322890.0;DENTALPAR ASSISTÃNCIA ODONTOLÃGICA EMPRESARIAL LTDA.;SP;50684016.0;16894672.0;189337.50652472425
319872.0;CAMIM OPERADORA DE PLANO DE SAÃDE LTDA;RJ;50372813.0;16790937.666666668;731815.9939549924
418528.0;UNIBEN ADMINISTRADORA DE BENEFÃCIOS LTDA;MG;50199132.0;16733044.0;14302114.173996935
354627.0;UNIMED DE CIANORTE - COOPERATIVA DE TRABALHO MEDICO ;PR;50167730.0;16722576.666666666;386970.47554863075
416789.0;VIDAMAX ADMINISTRADORA DE BENEFÃCIOS LTDA;SP;49740254.0;16580084.666666666;651558.4360142485
424501.0;UNIC ASSISTENCIA MEDICA LTDA;SP;49600000.0;49600000.0;0.0
415693.0;POLICLIN SAÃDE S/A.;SP;49352690.0;16450896.666666666;5190386.875213189
415944.0;CLÃNICA SÃO GABRIEL S/S LTDA;SP;49100154.0;16366718.0;593587.7170637883
324159.0;UNIMED ALTA MOGIANA COOPERATIVA DE TRABALHO MÃDICO;SP;49060350.0;16353450.0;16923673.238669522
418994.0;ODONTO PRIME S/S LTDA;CE;48562063.0;16187354.333333334;223609.55709524878
333808.0;IRMANDADE DE MISERICÃRDIA DO HOSPITAL DA SANTA CASA DE MONTE ALTO;SP;48440836.0;16146945.333333334;20258497.33371916
421707.0;PERSONAL CARE OPERADORA DE SAÃDE SA;SP;48028860.0;24014430.0;261349.4947536727
354066.0;UNIMED UBERABA COOPERATIVA DE TRABALHO MEDICO LTDA.;MG;47647713.0;15882571.0;6121273.12198688
415987.0;PLANO VIDA SAUDE SERVIÃOS ODONTOLOGICOS LTDA;SE;46753548.0;15584516.0;2203829.4077981627
318388.0;UNIMED DE SÃO ROQUE - COOPERATIVA DE TRABALHO MÃDICO;SP;46698311.0;15566103.666666666;23384730.296359148
421197.0;SANTA CASA DE MAUÃ SAÃDE;SP;46271384.0;15423794.666666666;29096.62154500638
300136.0;UNIMED LITORAL SUL/RS - COOPERATIVA DE ASSISTÃNCIA Ã SAÃDE LTDA.;RS;45232700.0;15077566.666666666;9746216.869354198
423921.0;FOX SAÃDE ASSISTÃNCIA MÃDICA INTEGRADA LTDA;PE;45002464.0;22501232.0;6365703.341787771
311294.0;UNIMED DE OURINHOS - COOPERATIVA DE TRABALHO MÃDICO;SP;44863766.0;14954588.666666666;22194410.853331618
422762.0;SANTA CASA DE MISERICÃRDIA E BENEFICÃNCIA PORTUGUESA;SP;44602626.0;14867542.0;7937266.110988531
342955.0;HSMED SAUDE LTDA;RJ;44451707.0;14817235.666666666;1812332.985084787
323942.0;FUNDAÃÃO FILANTRÃPICA E BENEFICENTE DE SAÃDE ARNALDO GAVAZZA FILHO;MG;44405808.0;14801936.0;15631723.146945477
302228.0;UNIMED VALE DO CORUMBÃ COOPERATIVA DE TRABALHO MEDICO;GO;44285053.0;14761684.333333334;11016643.041259272
315648.0;UNIMED CATAGUASES COOPERATIVA DE TRABALHO MÃDICO LTDA;MG;43644235.0;14548078.333333334;7587028.294579791
422029.0;KLINI PLANOS DE SAÃDE LTDA;RJ;43558496.0;14519498.666666666;9135449.703630706
412996.0;ORALE ASSISTÃNCIA ODONTOLÃGICA LTDA;BA;43549279.0;14516426.333333334;14094139.071306568
423441.0;PLENUM ASSISTENCIA MEDICA  LTDA;DF;43057103.0;21528551.5;5781235.039409875
418218.0;ASSOCIAÃÃO SAÃDE RURAL ALEGRETE;RS;42963108.0;14321036.0;24258807.33060451
337871.0;UNIMED RIO BRANCO COOPERATIVA DE TRABALHO MEDICO LTDA;AC;42697043.0;14232347.666666666;12181167.372997645
423432.0;ASSOC DE ASSIST Ã SAÃDE DOS SERV DAS UNIV E INST FED, EST E/OU FAC PART EM PE;PE;42191355.0;14063785.0;421082.53456181247
340952.0;UNIMED CARUARU-COOPERATIVA DE TRABALHO MEDICO;PE;42023658.0;14007886.0;9297254.928861745
307319.0;CAIXA DE ASSISTÃNCIA DOS EMPREGADOS DO BANCO DO ESTADO DO RIO GRANDE DO SUL;RS;41853346.0;13951115.333333334;11880807.543493511
324477.0;CAIXA DE PREVIDÃNCIA E ASSISTÃNCIA DOS SERVIDORES DA FUNDAÃÃO NACIONAL DE SAÃDE - CAPESESP;RJ;41684834.0;13894944.666666666;13794969.80958945
417831.0;ODONTOLIVE OPERADORA DE PLANOS ODONTOLÃGICOS LTDA.;SP;41624039.0;13874679.666666666;287559.5875646185
423041.0;UNICOR ADMINISTRADORA DE BENEFICIOS LTDA;MG;40917745.0;13639248.333333334;2215023.365844553
327352.0;UNIMED SÃO SEBASTIÃO DO PARAÃSO COOPERATIVA DE TRABALHO MÃDICO;MG;40620939.0;13540313.0;22133076.085989922
310247.0;CIRCULO OPERARIO CAXIENSE;RS;40067566.0;13355855.333333334;6174154.378175632
417459.0;ALLCARE ADMINISTRADORA DE BENEFÃCIOS EM SAÃDE LTDA.;DF;39860826.0;13286942.0;930936.8759072765
324361.0;CAIXA DE ASSISTÃNCIA Ã SAÃDE - CABERJ;RJ;39798999.0;13266333.0;21995222.098085508
326500.0;SOBAM CENTRO MÃDICO HOSPITALAR S.A.;SP;39702294.0;13234098.0;7207107.668845457
423572.0;INNOVA PLANO DE SAUDE LTDA;RO;39435079.0;13145026.333333334;1710074.7132585563
344729.0;UNIMED VARGINHA COOPERATIVA DE TRABALHO MÃDICO;MG;39351570.0;13117190.0;11326296.283854311
306100.0;UNIMED REGIONAL DE CAMPO MOURÃO COOP TRAB MEDICO ;PR;39259187.0;13086395.666666666;8945822.933685996
356123.0;UNIMED DO CARIRI - SOCIEDADE COOPERATIVA MÃDICA LTDA;CE;39224447.0;13074815.666666666;21041788.016174253
413283.0;AESP ODONTO ASSISTÃNCIA ODONTOLÃGICA S/S LTDA EPP;SP;38570094.0;12856698.0;8345578.533634023
342343.0;UNIMED DE PINDAMONHANGABA - COOPERATIVA TRABALHO MEDICO;SP;38410081.0;12803360.333333334;3773368.5480007557
357260.0;UNIMED NOROESTE/RS - SOCIEDADE COOPERATIVA DE ASSISTÃNCIA Ã SAÃDE LTDA.;RS;37542263.0;12514087.666666666;11055038.340808066
319180.0;SÃO DOMINGOS SAÃDE- ASSISTÃNCIA MÃDICA  LTDA;SP;37079568.0;12359856.0;619539.4070662495
355097.0;SANTA HELENA ASSISTÃNCIA MÃDICA S/A.;SP;36905932.0;12301977.333333334;1182389.3670040907
420859.0;MEDIATORIE ADMINISTRADORA DE BENEFÃCIOS S/A;ES;36818252.0;12272750.666666666;1672674.1962660672
341941.0;HOSPITAL DE PRONTOCLINICA LTDA.;RS;36795986.0;12265328.666666666;6686478.55216962
420271.0;R.M.I. OPERADORA DE SAÃDE INTEGRADA LTDA;SP;36586827.0;18293413.5;284655.02715480013
417602.0;SERVIX ADMINISTRADORA DE BENEFÃCIOS LTDA;DF;36035547.0;12011849.0;2007969.4515512432
321087.0;UNIMED MARQUES DE VALENÃA COOPERATIVA DE TRABALHO MÃDICO LTDA.;RJ;35916378.0;11972126.0;9557163.922594871
311472.0;CEAM BRASIL - PLANOS DE SAÃDE LTDA;MG;35755940.0;35755940.0;0.0
415626.0;FEDERAÃÃO DAS COOP ODONTOLÃGICAS DO ESTADO DE SANTA CATARINA;SC;35714142.0;11904714.0;19915103.75794201
418226.0;OPLAN SAÃDE OPERADORA DE PLANO DE SAÃDE LTDA;RJ;35583072.0;11861024.0;4708925.266678905
423548.0;TOTAL ASSISTÃNCIA MÃDICA HOSPITALAR LTDA;MG;34995424.0;11665141.333333334;14511021.404976781
310239.0;PESSOAL SAÃDE PLANOS DE ASSISTÃNCIA MÃDICA LTDA;SP;34903018.0;11634339.333333334;203276.0677412205
359122.0;CAIXA DE ASSISTÃNCIA DOS SERVIDORES FAZENDÃRIOS ESTADUAIS;CE;34782950.0;11594316.666666666;18893924.2407175
413372.0;SOCIEDADE PORTUGUESA DE BENEFICÃNCIA;RS;34640979.0;11546993.0;17175664.356236007
409413.0;ASSOCIAÃÃO POLICIAL DE ASSISTÃNCIA A SAÃDE;SP;33986245.0;11328748.333333334;16424237.96836874
352519.0;UNIMED ALTO JACUÃ/RS - COOPERATIVA DE ASSISTÃNCIA Ã SAÃDE LTDA;RS;33955935.0;11318645.0;6113258.148527101
316873.0;CAIXA DE ASSISTENCIA A SAUDE DA UNIVERSIDADE;MG;33756531.0;11252177.0;18418738.39486752
410128.0;ASSOCIAÃÃO POLICIAL DE ASSISTÃNCIA Ã SAÃDE;SP;33732708.0;11244236.0;3798047.9196757115
316903.0;POLIMÃDICA SAÃDE SOCIEDADE SIMPLES LTDA;RS;33657810.0;11219270.0;5807294.651300638
412015.0;MH VIDA - OPERADORA DE PLANOS DE SAÃDE LTDA;RJ;33504445.0;11168148.333333334;162557.46063571877
320897.0;UNIMED CENTRO SUL FLUMINENSE COOPERATIVA DE TRABALHO MÃDICO;RJ;33268633.0;11089544.333333334;7467143.228538766
345776.0;UNIMED DE BIRIGUI - COOPERATIVA DE TRABALHO MÃDICO;SP;32918492.0;10972830.666666666;11173608.753683222
423882.0;PLAMEDH PLANOS DE SAÃDE LTDA;MG;32832780.0;16416390.0;10398867.88762123
413747.0;DENTAL MASTER LTDA - EPP;AL;32819167.0;10939722.333333334;113303.92445247993
418501.0;FUNDAÃÃO PLAMHUV - PLANO MÃDICO HOSPITALAR DOS HOSPITAIS UNIDOS DE VIÃOSA;MG;32441618.0;10813872.666666666;5486844.749836588
417106.0;PLANO DE ASSISTÃNCIA ODONTOLÃGICA FAUCHARD LTDA. ME;BA;32127149.0;10709049.666666666;692510.8459672915
314315.0;UNIODONTO DO BRASIL CENTRAL NACIONAL DAS COOPERATIVAS ODONTÃLOGICAS;SP;32057983.0;10685994.333333334;7251681.528837938
413551.0;PLAMEDH - PLANO DE ASSISTÃNCIA MÃDICO-HOSPITALAR LTDA;MG;31883701.0;15941850.5;1175690.1816229052
304468.0;UNIMED BARRA DO GARÃAS - COOPERATIVA DE TRABALHO MÃDICO;MT;31826078.0;10608692.666666666;7673328.134644207
317896.0;UNIMED VERTENTE DO CAPARAÃ - COOPERATIVA DE TRABALHO MÃDICO LTDA;MG;31787495.0;10595831.666666666;12981251.48743596
303844.0;UNIMED DE ANDRADINA - COOPERATIVA DE TRABALHO MÃDICO;SP;31305445.0;10435148.333333334;14564827.604452768
386901.0;UNIMED LEOPOLDINA COOPERATIVA DE TRABALHO MÃDICO LTDA;MG;31278101.0;10426033.666666666;11818056.86716333
320838.0;UNIMED INTRAFEDERATIVA FEDERAÃÃO REGIONAL SUL DE MINAS;MG;31265517.0;10421839.0;14130268.113000086
340251.0;UNIMED EXTREMO OESTE CATARINENSE COOPERATIVA DE TRABALHO MÃDICO;SC;30840260.0;10280086.666666666;15267799.868534345
420158.0;ASSOCIAÃÃO PADRE ALBINO SAÃDE;SP;30782563.0;10260854.333333334;2670722.694951
335789.0;CAIXA DE ASSISTÃNCIA DOS EMPREGADOS DO BANESE;SE;30698932.0;10232977.333333334;13744908.34206563
304051.0;UNIMED MONTES CLAROS COOPERATIVA DE  TRABALHO MÃDICO LTDA.;MG;30620146.0;10206715.333333334;6444834.592492374
358088.0;UNIMED LESTE PAULISTA COOPERATIVA DE TRABALHO MÃDICO;SP;30581900.0;10193966.666666666;5106582.548694022
421634.0;SD-M OPERADORA DE PLANOS DE SAUDE LTDA;RJ;30235746.0;10078582.0;424382.0117028996
415910.0;CENTRO DE ENDOCRINOLOGIA DE JUNDIAÃ S/S LTDA;SP;30196736.0;10065578.666666666;324717.03987677256
310981.0;ODONTO EMPRESAS CONVENIOS DENTARIOS LTDA.;SP;30092799.0;10030933.0;9076391.663058013
372561.0;UNIMED ALTO VALE - COOPERATIVA DE TRABALHO MÃDICO;SC;29340492.0;9780164.0;14524297.981817778
423645.0;SAUDIA ASSISTENCIA MÃDICA LTDA;MG;29137953.0;9712651.0;2571537.6382874507
366439.0;UNIODONTO PORTO ALEGRE COOPERATIVA ODONTOLOGICA LTDA;RS;29120402.0;9706800.666666666;5532333.669501174
345458.0;UNIMED LAVRAS COOPERATIVA DE TRABALHO MÃDICO;MG;29109401.0;9703133.666666666;13909092.81347789
420999.0;QUALI ADMINISTRADORA DE BENEFÃCIOS S/A;ES;29077582.0;29077582.0;0.0
418803.0;ASSOCIAÃÃO SANTA CASA SAÃDE DE ARAÃATUBA;SP;28906299.0;9635433.0;8497627.8629717
423521.0;EGRÃGORA  ADMINISTRADORA DE BENEFICIOS S/A;ES;28800032.0;9600010.666666666;9.237604307168438
313971.0;FEDERAÃÃO DAS SOCIEDADES COOPERATIVAS DE TRABALHO MÃDICO DO ACRE, AMAPÃ, AMAZONAS, PARÃ, RONDONIA E RORAIMA;AM;28722074.0;28722074.0;0.0
419389.0;QV BENEFÃCIOS EM SAÃDE LTDA;RJ;28504073.0;9501357.666666666;1299915.1238655292
402001.0;SISTEMA TOTAL DE SAÃDE LTDA.;SP;27922713.0;9307571.0;862921.6964800457
423262.0;ALMA ODONTO OPERADORA DE PLANOS ODONTOLOGICOS LTDA;SP;27830956.0;9276985.333333334;238538.5332233209
424480.0;VIVER SAUDE LTDA;RN;27802579.0;13901289.5;5234413.809169131
357669.0;DESBAN - FUNDAÃÃO BDMG DE SEGURIDADE SOCIAL;MG;27675116.0;9225038.666666666;15949497.049176827
348261.0;UNIMED ALTO SÃO FRANCISCO COOPERATIVA DE TRABALHO MÃDICO;MG;27400338.0;9133446.0;14268080.901161866
343722.0;UNIMED PONTE NOVA COOPERATIVA DE TRABALHO MEDICO LTDA;MG;27147112.0;9049037.333333334;15278373.061937496
368555.0;UNIODONTO BELÃM - COOPERATIVA DE ASSISTÃNCIA Ã SAÃDE ODONTOLÃGICA;PA;27143291.0;9047763.666666666;11821943.491411272
319422.0;IRMANDADE DA SANTA CASA DE MISERICORDIA DE LIMEIRA;SP;27037233.0;9012411.0;3821789.4493335187
421006.0;ASSOCIAÃÃO SÃO LUIZ SAÃDE;SP;26536737.0;8845579.0;42220.86016414161
419567.0;SALUPLAN ADMINISTRADORA DE BENEFÃCIOS LTDA;SP;26311610.0;8770536.666666666;805632.246892671
418617.0;ASSOCIAÃÃO PARANAENSE DE ASSISTÃNCIA Ã SAUDE DOS MEMBROS DO MINISTERIO PUBLICO DO PARANÃ;PR;26025141.0;8675047.0;14718421.339501496
424013.0;VCT PLANOS DE SAUDE LTDA;MG;25955805.0;8651935.0;1993817.7729218386
421146.0;NEXO - ADMINISTRADORA DE BENEFICIOS LTDA;SP;25754907.0;8584969.0;43618.27814116463
356476.0;SIM - CAIXA DE ASSISTÃNCIA Ã SAÃDE;SC;25429091.0;8476363.666666666;8520156.67537988
347736.0;UNIMED CARATINGA - COOPERATIVA DE TRABALHO MÃDICO LTDA;MG;25312354.0;8437451.333333334;11957696.361514844
309028.0;ASSOCIAÃÃO DOS SERVIDORES MUNICIPAIS, ESTADUAIS E FEDERAIS DO RIO DE JANEIRO;RJ;25176063.0;8392021.0;7875447.34720911
304484.0;DENTAL UNI - COOPERATIVA ODONTOLÃGICA;PR;25041041.0;8347013.666666667;90973.86784309735
407224.0;SEPACO SAÃDE LTDA;SP;25005917.0;8335305.666666667;5589462.925489025
365238.0;UNIMED DE IBITINGA COOPERATIVA DE TRABALHO MÃDICO;SP;24472605.0;8157535.0;11073111.326809146
418129.0;FUNDO DE ASSISTÃNCIA MÃDICO-HOSPITALAR DO MINISTÃRIO PÃBLICO;MS;24296575.0;8098858.333333333;9102254.256998226
363189.0;HOSPITAL S.P. LTDA.;RS;24267699.0;8089233.0;115709.95657677864
367613.0;UNIMED CAMPO BELO- COOPERATIVA DE TRABALHO MÃDICO;MG;24157125.0;8052375.0;5326875.937190484
358339.0;UNIODONTO DO SUL GOIANO COOPERATIVA ODONTOLOGICA;GO;24075833.0;8025277.666666667;5824674.339200805
370088.0;UNIMED SÃO LOURENÃO COOPERATIVA DE TRABALHO MÃDICO;MG;24064795.0;8021598.333333333;7092785.463446736
417122.0;VOCÃ CLUBE DE BENEFÃCIOS SOCIAIS, SAÃDE E ODONTOLÃGICO LTDA;SP;23800317.0;7933439.0;3220404.430811602
423815.0;SAGRADA SAÃDE ASSISTÃNCIA MÃDICA LTDA;MG;23664025.0;7888008.333333333;88038.93014078123
333239.0;SISTEMA PREVSAUDE DENTAL LTDA;CE;23606549.0;7868849.666666667;278838.38229758345
324493.0;S.P.A SAUDE- SISTEMA DE PROMOÃÃO ASSISTENCIAL;SP;23129043.0;7709681.0;13178801.08155279
365530.0;UNIMED DE TUPA COOPERATIVA DE TRABALHO MÃDICO;SP;23007021.0;7669007.0;1644265.5335659748
407569.0;ASSOCIAÃÃO POLICIAL DE ASSISTÃNCIA Ã SAÃDE DE BARRETOS;SP;22062031.0;7354010.333333333;12627070.442684175
312347.0;UNIMED ANÃPOLIS COOPERATIVA DE TRABALHO MÃDICO.;GO;22040656.0;7346885.333333333;6862027.178910423
416584.0;ASSOCIAÃÃO FUNDO DE PROTEÃÃO Ã SAÃDE;PR;21562463.0;7187487.666666667;11788560.480162721
301060.0;UNIMED ITUIUTABA COOPERATIVA TRABALHO MÃDICO LTDA.;MG;21524347.0;7174782.333333333;5171481.519175171
353698.0;UNIMED REGIÃO DA PRODUÃÃO/RS - COOPERATIVA DE ASSISTÃNCIA Ã SAÃDE LTDA;RS;21392583.0;7130861.0;8467277.559731994
424161.0;PRO-SAUDE JARINU ASSISTENCIA MEDICA SUPLEMENTAR LTDA.;SP;21369701.0;7123233.666666667;197506.2661444778
415901.0;SAME-SERVIÃO DE ASSISTÃNCIA MÃDICA EMPRESARIAL LTDA.;MA;21267495.0;7089165.0;1121541.2873768848
424196.0;MAXIMED PLANOS DE SAUDE LTDA;RJ;21064993.0;21064993.0;0.0
401480.0;EVANGELICO SAUDE LTDA.;PR;20998205.0;6999401.666666667;7361560.776653164
354783.0;UNIMED FRANCA - SOCIEDADE COOPERATIVA DE SERVIÃOS MÃDICOS E HOSPITALARES;SP;20854710.0;6951570.0;6970453.016436449
353027.0;UNIMED SUL PAULISTA - COOPERATIVA DE TRABALHO MÃDICO;SP;20842684.0;6947561.333333333;5592625.143728599
424609.0;UNIÃO HOSPITAIS DE PERNAMBUCO LTDA;PE;20800000.0;20800000.0;0.0
424625.0;ESPERANÃA OPERADORA DE PLANOS DE SAÃDE LTDA;RJ;20800000.0;20800000.0;0.0
366340.0;UNIMED DE CAPIVARI -COOPERATIVA DE TRABALHO MÃDICO;SP;20776685.0;6925561.666666667;966529.3189807193
515.0;ALLIANZ SAÃDE S/A;SP;20747706.0;6915902.0;8989156.03553732
388092.0;ASSOCIAÃÃO DOS FUNCIONÃRIOS FISCAIS DO ESTADO DO AMAZONAS - AFFEAM;AM;20742697.0;6914232.333333333;2851055.4965530457
422959.0;PRESERVE SAUDE ASSISTENCIA MEDICA LTDA;BA;20449066.0;6816355.333333333;194011.35861163744
347655.0;IRMANDADE DA SANTA CASA DE MISERICÃRDIA DE RIO CLARO;SP;20217067.0;6739022.333333333;6032137.067356836
421561.0;BRASIL ODONTO OPERADORA DE PLANOS ODONTOLÃGICOS LTDA;TO;19872115.0;6624038.333333333;42234.04518079393
327468.0;UNIMED SUDOESTE PAULISTA COOPERATIVA DE TRABALHO MÃDICO;SP;19662075.0;6554025.0;5813093.978310346
324345.0;UNIMED COSTA DO DESCOBRIMENTO COOPERATIVA DE TRABALHO MÃDICO;BA;19368427.0;6456142.333333333;4672681.036826752
316881.0;UNIMED TEOFILO OTONI COOPERATIVA DE TRABALHO MÃDICO;MG;19295592.0;6431864.0;5785241.345365896
309087.0;UNIMED BARBACENA - COOPERATIVA DE TRABALHO MÃDICO LTDA;MG;19252460.0;6417486.666666667;5417363.884909738
420786.0;ASSOCIAÃÃO SANTA CASA CLÃNICAS DE BIRIGUI;SP;19232845.0;6410948.333333333;2035694.0300301353
361615.0;UNIMED DE PARANAGUÃ COOPERATIVA DE TRABALHO MÃDICO;PR;19143986.0;6381328.666666667;9212677.960261138
323004.0;UNIMED DE PENAPOLIS - COOPERATIVA DE TRABALHO MEDICO;SP;19070925.0;6356975.0;2252770.051908761
370975.0;UNIMED VALE DO JAURU COOPERATIVA DE TRABALHO MÃDICO;MT;19044602.0;6348200.666666667;2675310.0615581614
334243.0;UNIODONTO DE SOROCABA COOPERATIVA ODONTOLÃGICA;SP;18998791.0;6332930.333333333;2219250.5698943357
384704.0;ASSOCIAÃÃO DOS EMPREGADOS DA COMPANHIA ESTADUAL DE HABITAÃÃO E OBRAS PÃBLICAS - ASSEC;SE;18988071.0;6329357.0;99728.24913734323
355593.0;UNIMED PATROCÃNIO COOPERATIVA DE TRABALHO MÃDICO LTDA.;MG;18860923.0;6286974.333333333;9611222.2147803
322571.0;UNIMED GUARAPUAVA COOPERATIVA DE TRABALHO MÃDICO;PR;18668768.0;6222922.666666667;3680400.8455276084
361941.0;UNIMED DE TATUI - COOPERATIVA DE TRABALHO MÃDICO;SP;18619884.0;6206628.0;3032788.0871594045
344788.0;UNIMED DE CORUMBA COOPERATIVA DE TRABALHO MÃDICO;MS;18353335.0;6117778.333333333;3556386.401850386
314781.0;UNIMED DE DRACENA - COOPERATIVA DE TRABALHO MÃDICO;SP;18300094.0;6100031.333333333;6167684.413573164
422355.0;PD BRASIL ASSISTENCIA ODONTOLOGICA LTDA;MG;17723020.0;5907673.333333333;5208910.524703063
347604.0;UNIODONTO DE AMERICANA COOPERATIVA ODONTOLÃGICA;SP;17710265.0;5903421.666666667;5238972.656837439
329886.0;UNIMED DE JABOTICABAL COOP. DE TRABALHO MÃDICO;SP;17667203.0;5889067.666666667;2710267.7984240474
418986.0;PLATINUM ADMINISTRADORA DE BENEFICIOS;DF;17567453.0;5855817.666666667;5030638.560095759
343153.0;UNIMED SOUSA - COOPERATIVA DE TRABALHO MÃDICO;PB;17436688.0;5812229.333333333;8945479.11277626
421618.0;ASSOCIAÃÃO HOSPITAL SAÃDE DE VARGEM GRANDE DO SUL;SP;17309437.0;5769812.333333333;450852.23141993367
305928.0;NOSAMED ASSISTÃNCIA MÃDICA LTDA.;SP;17215038.0;5738346.0;99121.76610613837
314242.0;UNIMED DE PIRASSUNUNGA COOPERATIVA DE TRABALHO MÃDICO;SP;17110095.0;5703365.0;4688202.8907917375
350346.0;UNIMED CACERES COOPERATIVA DE TRABALHO MÃDICO ;MT;17092085.0;5697361.666666667;5777949.420060229
422576.0;ESPLENDOR ADMINISTRADORA DE BENEFÃCIOS LTDA.;DF;16876619.0;5625539.666666667;105342.94692257907
410888.0;FILOSANITAS SAUDE LTDA;SP;16811711.0;5603903.666666667;1061121.4022765413
334847.0;UNIMED DE JATAÃ COOPERATIVA DE TRABALHO MÃDICO LTDA.;GO;16468514.0;5489504.666666667;7233384.1649061
408522.0;SANTA CASA DA MISERICÃRDIA DE SÃO JOÃO DEL REI;MG;16465575.0;5488525.0;6937072.312730421
371564.0;UNIMED FRUTAL COOPERATIVA DE TRABALHO MEDICO LTDA;MG;16100000.0;5366666.666666667;5320958.871888256
305472.0;UNIMED REGIONAL SUL GOIAS COOP. DE TRABALHO MÃDICO LTDA;GO;16038213.0;5346071.0;2375058.064672104
336858.0;UNIMED FRANCISCO BELTRAO COOPERATIVA DE TRABALHO MEDICO;PR;16011155.0;5337051.666666667;5355294.22777445
423319.0;ANAFE SAUDE;GO;16002360.0;5334120.0;1367451.6866054172
419125.0;BEDOIS SERVIÃOS DE ADMINISTRAÃÃO DE BENEFÃCIOS LTDA.;RJ;15714509.0;5238169.666666667;5649.065173400995
364070.0;UNIMED TRÃS PONTAS - COOPERATIVA DE TRABALHO MÃDICO;MG;15601590.0;5200530.0;4188268.378855753
344451.0;UNIODONTO REGIONAL COOPERATIVA ODONTOLOGICA;MG;15394366.0;5131455.333333333;4480613.052398113
323357.0;UNIMED CABO FRIO COOPERATIVA TRABALHO MÃDICO LTDA.;RJ;15274004.0;7637002.0;9877185.717665229
354325.0;UNIMED ARAGUARI COOPERATIVA DE TRABALHO MÃDICO ;MG;15251644.0;5083881.333333333;3288647.905318283
331651.0;UNIMED ARAXÃ COOPERATIVA DE TRABALHO MÃDICO LTDA.;MG;15220064.0;5073354.666666667;7785859.741955947
327328.0;CASA DE SAÃDE NOSSA SENHORA DE FÃTIMA  LTDA.;CE;15208430.0;5069476.666666667;2576859.332643777
402206.0;ASSOCIAÃÃO GOIANA DO MINISTÃRIO PÃBLICO;GO;15128809.0;5042936.333333333;8250280.495046961
324523.0;UNIMED PARAIBA - FEDERAÃAO DAS SOCIEDADES COOPERATIVAS DE TRABALHO MEDICO;PB;15125904.0;5041968.0;7762585.617959972
418595.0;LIFE CLASS ADMINISTRADORA DE BENEFICIOS LTDA.;SP;15038817.0;5012939.0;161420.56776941408
406805.0;COOPERATIVA DOS USUÃRIOS DE SERVIÃOS DE SAÃDE LTDA.;RS;14984034.0;4994678.0;1896763.2889857395
417611.0;HEALTH ADMINISTRADORA DE BENEFICIOS LTDA;SP;14915229.0;4971743.0;698725.6232549369
330892.0;ASSOCIAÃÃO SAÃDE CONCEIÃÃO;SC;14878113.0;4959371.0;2918239.809390757
424463.0;SAUDE SALV ASSISTENCIA MEDICA LTDA;RO;14834800.0;7417400.0;41464.74164877915
409286.0;G & M ASSESSORIA MEDICA EMPRESARIAL LTDA;RJ;14759998.0;4919999.333333333;1306162.5007024715
382281.0;PLANO DE ASSISTÃNCIA MÃDICA MINEIRA LTDA;MG;14484298.0;4828099.333333333;218276.36010418838
342157.0;UNIMED MORRINHOS COOPERATIVA DE TRABALHO MEDICO;GO;14483889.0;4827963.0;3080250.3561511035
408026.0;ASSOCIAÃÃO POLICIAL DE ASSISTÃNCIA Ã SAÃDE DE DRACENA;SP;14415331.0;4805110.333333333;4051878.0682103867
423106.0;SAUDE INTEGRAL ASSISTENCIA MEDICA LTDA;BA;14344788.0;4781596.0;16.0
316997.0;UNIODONTO DE ARARAQUARA COOPERATIVA ODONTOLÃGICA;SP;14105569.0;4701856.333333333;3703517.858534009
305227.0;UNIMED OESTE DO PARANA - COOPERATIVA DE TRABALHO MEDICO;PR;13992569.0;4664189.666666667;4714421.1792715695
423181.0;BEMSTAR ASSISTENCIA MEDICA LTDA;BA;13839350.0;4613116.666666667;4624.379021374924
424366.0;AP ADMINISTRAÃÃO DE BENEFICIOS - SOCIEDADE SIMPLES UNIPESSOAL LIMITADA;SP;13642764.0;6821382.0;43815.16458944323
322326.0;ASSOCIAÃÃO BENEFICENTE CATÃLICA;MG;13151690.0;4383896.666666667;4647323.863929255
325082.0;UNIMED DO OESTE DA BAHIA COOPERATIVA DE TRABALHO MÃDICO;BA;13027464.0;4342488.0;3347656.2050766204
423831.0;VITACARE PLANOS DE SAUDE LTDA;BA;12900048.0;4300016.0;16.0
421758.0;SANUS ADMINISTRADORA DE BENEFÃCIOS LTDA;ES;12817802.0;4272600.666666667;37178.33501292552
406635.0;ASSOCIACAO POLICIAL DE ASSISTENCIA A SAUDE DE ITAPETININGA;SP;12662346.0;4220782.0;3934313.3768520523
411868.0;MEDIC GLOBAL PLANOS DE SAÃDE LTDA.;MG;12646483.0;4215494.333333333;179580.22298219058
350770.0;UNIODONTO DE LONDRINA COOP. ODONTOLÃGICA;PR;12409398.0;4136466.0;1743245.0386956504
397245.0;CROWN ODONTOLOGIA DE GRUPO LTDA;SP;12401699.0;4133899.6666666665;157254.5510321827
303178.0;UNIMED DE SOBRAL SOCIEDADE COOPERATIVA MÃDICA LTDA;CE;12397758.0;4132586.0;2206121.3850382306
419079.0;BIORAL SISTEMA ODONTOLÃGICO LTDA.;SP;12236156.0;4078718.6666666665;414678.0002367299
315494.0;UNIMED NOROESTE DE MINAS COOPERATIVA DE TRABALHO MEDICO LTDA;MG;12145558.0;4048519.3333333335;980940.6161895497
417751.0;PLURICLUB ADMINISTRADORA DE BENEFÃCIOS LTDA.;SP;12120176.0;4040058.6666666665;8474.078258626907
358096.0;UNIMED APUCARANA COOPERATIVA DE TRABALHO MÃDICO;PR;12087266.0;4029088.6666666665;3773501.449319496
420107.0;UNICONSULT - ADMINISTRADORA DE BENEFICIOS E SERVICOS LTDA;SP;12008307.0;4002769.0;2601188.998248878
418706.0;LEXUS ADMINISTRADORA DE BENEFICIOS LTDA;SP;11970148.0;3990049.3333333335;415628.8414683627
312592.0;UNIMED NORTE FLUMINENSE COOPERATIVA DE TRABALHO MEDICO;RJ;11920518.0;3973506.0;4042961.8855130207
418374.0;LUMINAR SAÃDE - ASSOCIAÃÃO DE ASSISTÃNCIA Ã SAÃDE;DF;11910603.0;3970201.0;3383696.445612697
406945.0;ASSOCIAÃÃO POLICIAL DE ASSISTÃNCIA Ã SAÃDE DE BAURU;SP;11897823.0;3965941.0;2633355.059329638
304395.0;UNIMED INCONFIDENTES COOPERATIVA DE TRABALHO MÃDICO LTDA.;MG;11787410.0;3929136.6666666665;4986403.705563493
413429.0;UNIDENTIS ASSISTENCIA ODONTOLOGICA LTDA.;PB;11440152.0;3813384.0;4401984.632040076
311057.0;UNIMED VALE DO URUCUIA - COOPERATIVA DE TRABALHO MEDICO LTDA;MG;11390767.0;3796922.3333333335;2591565.9130128897
417955.0;ASSOCIAÃÃO DE ASSISTÃNCIA MÃDICO HOSPITALAR DOS MAGISTRADOS DO ESTADO DO PARANÃ;PR;11346933.0;3782311.0;5642599.327221543
413721.0;SOCIEDADE BENEFICENTE DEZOITO DE JULHO;MG;11328328.0;3776109.3333333335;892834.3558109383
321125.0;UNIODONTO MACEIÃ COOPERATIVA ODONTOLÃGICA;AL;11306781.0;3768927.0;3138620.1128198043
424226.0;GESTAO VIDA ADMINISTRADORA DE BENEFICIOS LTDA.;SP;11273271.0;3757757.0;1065336.2992778383
424048.0;VALE PLANOS DE SAÃDE LTDA;PE;10883236.0;3627745.3333333335;35784.87062060346
353264.0;SANTA CASA DE MISERICORDIA HOSPITAL SÃO VICENTE;SP;10859039.0;3619679.6666666665;6108925.852288628
418030.0;A.P.S. ADMINISTRADORA DE BENEFÃCOS LTDA.;SP;10858619.0;3619539.6666666665;23608.208791294088
424331.0;MEDICAL LIFE PLANOS DE SAÃDE LTDA;BA;10840024.0;5420012.0;5.656854249492381
423327.0;CLICSAUDE ADMINISTRADORA DE BENEFICIOS LTDA;SP;10779924.0;3593308.0;351608.95362319774
424544.0;ELITE SAUDE SERVICOS MEDICOS LTDA.;SP;10736570.0;10736570.0;0.0
407534.0;ÃNIX OPERADORA DE PLANOS DE SAÃDE LTDA;RJ;10660326.0;3553442.0;420635.51801648893
311715.0;UNIMED ENCOSTA DA SERRA/RS SOCIEDADE COOPERATIVA DE SERVIÃOS DE SAÃDE LTDA.;RS;10628016.0;3542672.0;3867812.280297869
330809.0;FUNDAÃÃO DE SEGURIDADE SOCIAL DA ARCELORMITTAL BRASIL - FUNSSEST;ES;10522839.0;5261419.5;7432261.49122947
327638.0;UNIMED SÃO JOÃO NEPOMUCENO COOPERATIVA DE TRABALHO MÃDICO LTDA.;MG;10515324.0;3505108.0;699841.2257212346
365777.0;UNIMED NOROESTE DO PARANÃ COOP DE TRABALHO MÃDICO .;PR;10478027.0;3492675.6666666665;3564043.9441166176
378216.0;FUNDAÃÃO LIBERTAS DE SEGURIDADE SOCIAL;MG;10326681.0;5163340.5;7289120.451300315
410110.0;ASSOCIAÃÃO POLICIAL DE ASSISTÃNCIA A SAÃDE DA BAIXADA SANTISTA;SP;9874154.0;3291384.6666666665;2466588.6418893063
358436.0;UNIODONTO GOIANIA COOPERATIVA DE CIRURGIÃES DENTISTAS;GO;9803513.0;3267837.6666666665;1888321.9195667705
414310.0;SAÃDE BRB - CAIXA DE ASSISTÃNCIA ;DF;9734495.0;3244831.6666666665;4422145.008391554
314366.0;DENTAL PLUS CONVÃNIO ODONTOLÃGICO LTDA.;SP;9603136.0;3201045.3333333335;218168.62336810332
417165.0;CASE - CENTRAL DE ADMINISTRAÃÃO DE PLANO DE SAÃDE LTDA;RJ;9599400.0;3199800.0;0.0
316458.0;UNIMED REGIONAL DE FLORIANO - COOPERATIVA DE TRABALHO MÃDICO;PI;9532530.0;3177510.0;2603400.236483818
424145.0;SAUDE VIVA ADMINISTRADORA DE BENEFICIOS LTDA;SP;9448428.0;3149476.0;149607.17206070037
344141.0;UNIMED CAJAZEIRAS - SOCIEDADE COOPERATIVA DE TRABALHO MÃDICO;PB;9441904.0;3147301.3333333335;4943064.4557758225
423939.0;INTEGRALCARE PLANOS DE SAUDE LTDA;BA;9300048.0;3100016.0;16.0
418552.0;PLURAL GESTÃO EM PLANOS DE SAÃDE LTDA;RJ;9268900.0;4634450.0;2260408.2474190365
421375.0;INTERVIDA ADMINISTRADORA DE BENEFÃCIOS LTDA;SP;9149864.0;3049954.6666666665;33474.17370650596
424421.0;SALVE SAÃDE ADMINISTRADORA DE BENEFÃCIOS LTDA;RJ;9147100.0;3049033.3333333335;1386803.1267755106
311359.0;FUNDAÃÃO DE SAÃDE ITAIGUAPY;PR;9138731.0;3046243.6666666665;2722899.414092326
423785.0;EVOLUÃÃO ADMINISTRADORA DE BENEFICIOS LTDA ;MG;9042270.0;3014090.0;13657.756038237028
420123.0;ASSOCIAÃÃO UNIVIDA SANTA RITA DO PASSA QUATRO;SP;8646543.0;2882181.0;1964091.6051760416
408263.0;ASSOCIAÃÃO POLICIAL DE ASSISTENCIA Ã SAUDE DE SAO JOAO DA BOA VISTA;SP;8622444.0;2874148.0;3995838.941126757
409634.0;ASSOCIACAO CIVIL PRÃ-SAÃDE DOS SERVIDORES DA UNIVERSIDADE ESTADUAL DE PONTA GROSSA;PR;8620861.0;2873620.3333333335;3396293.4205324976
310522.0;PROASA SAÃDE;DF;8594592.0;2864864.0;3692622.409847912
301744.0;UNIMED MEIO OESTE CATARINENSE COOPERATIVA DE TRABALHO MÃDICO;SC;8589876.0;2863292.0;1342648.804527826
417661.0;CAIXA DE ASSISTÃNCIA Ã SAÃDE DO SINDICATO DOS FUNCIONÃRIOS INTEGRANTES DO GRUPO OCUPACIONAL ADMINISTRAÃÃO TRIBUTÃRIA DO ESTADO DE PERNAMBUCO;PE;8430659.0;2810219.6666666665;1213297.5265104324
423564.0;INFINITY SAÃDE SUPLEMENTAR LTDA;MT;8272410.0;2757470.0;3831648.8228538116
334511.0;UNIMED VALE DO PARAÃBA - FEDERAÃÃO INTRAFEDERATIVA DAS COOPERATIVAS MÃDICAS;SP;8197192.0;2732397.3333333335;1906313.9106491178
355577.0;UNIMED DE GUARATINGUETA-COOPERATIVA DE TRABALHO MÃDICO;SP;8066600.0;2688866.6666666665;3753689.3329318473
422401.0;BIT LIFE BENEFÃCIOS LTDA;SP;7973260.0;2657753.3333333335;652.4058041842435
415243.0;RODRIGUES LEIRA ODONTOLOGIA LTDA.;SP;7829637.0;2609879.0;483938.60770453105
424528.0;ATIMED ASSISTENCIA MEDICA LTDA;SP;7808940.0;7808940.0;0.0
422860.0;SALUTY ADMINISTRADORA DE BENEFICIOS LTDA;RJ;7626335.0;2542111.6666666665;265061.1807514133
313149.0;UNIMED DE BATATAIS - COOPERATIVA DE TRABALHO MÃDICO;SP;7444785.0;2481595.0;1396357.3147883746
356581.0;UNIMED ITAÃNA COOPERATIVA DE TRABALHO MÃDICO LTDA.;MG;7401231.0;2467077.0;2584866.4394565923
413518.0;CAIXA DE ASSISTÃNCIA DO SINDFISCO - CASSIND;SE;7400083.0;2466694.3333333335;202770.98723518933
417131.0;QUALIDONTO - QUALIDADE EM ODONTOLOGIA LTDA ;BA;7354971.0;2451657.0;365428.32776209345
423017.0;TOTAL SAUDE  ADMINISTRADORA DE BENEFICIOS EIRELI;ES;7225680.0;2408560.0;14105.147996387703
420000.0;ASSOCIAÃÃO DO PLANO DE SAÃDE DA SANTA CASA DE MISERICÃRDIA DE ITABUNA - PLANSUL;BA;7187504.0;2395834.6666666665;923564.7807123946
353876.0;UNIMED PONTAL DO TRIÃNGULO - COOPERATIVA DE TRABALHO MÃDICO;MG;7032578.0;2344192.6666666665;3433849.4592795316
420816.0;ASSOCIAÃÃO PADRE PIO PLANOS DE SAÃDE;SP;7021254.0;2340418.0;2139066.173343172
354619.0;UNIMED DE SAO JOSÃ DO RIO PARDO-COOP. DE TRAB. MÃDICO;SP;7004250.0;2334750.0;3357941.197631817
412295.0;CAIXA DE ASSISTÃNCIA Ã SAUDE DOS EMPREGADOS DA CODEVASF - CASEC;DF;7001271.0;2333757.0;3959790.9189586006
354678.0;UNIMED MACHADO COOPERATIVA DE TRABALHO MEDICO;MG;6961100.0;2320366.6666666665;2433405.339480526
419869.0;BENEFIT ADMINISTRADORA DE BENEFÃCIOS LTDA.;SP;6929126.0;2309708.6666666665;81377.56942384886
411752.0;ASSOCIAÃÃO ASSISTENCIAL DE SAÃDE SUPLEMENTAR CRUZ AZUL SAÃDE;SP;6741194.0;2247064.6666666665;1101604.787431651
417220.0;ASSOCIAÃÃO SERVIÃOS ODONTOLÃGICOS DA INDÃSTRIA DE MINAS GERAIS - ODONTOINDUSTRIA;MG;6694430.0;2231476.6666666665;1637761.0733355868
408794.0;ASSOCIAÃÃO POLICIAL DE ASSISTÃNCIA Ã SAÃDE DE RIBEIRÃO PRETO (APAS);SP;6556970.0;2185656.6666666665;2981001.319935356
330116.0;SANTA CASA DE MISERICÃRDIA DE VOTUPORANGA;SP;6551333.0;2183777.6666666665;3359741.655303326
424234.0;AMAZIL ASSISTENCIA MEDICA DO BRASIL LTDA;RJ;6469075.0;2156358.3333333335;29410.35716092776
411809.0;SOCIEDADE DE ASSISTÃNCIA MÃDICA - SAMEISA;RS;6445018.0;2148339.3333333335;3649167.4941401817
421243.0;QUALITY GOLD SAÃDE ADMINISTRADORA DE PLANOS DE SAÃDE LTDA-ME;RJ;6278510.0;2092836.6666666667;160638.12774473353
420051.0;SMART CARE SISTEMAS MÃDICOS E ODONTOLÃGICOS LTDA.;SP;6272822.0;3136411.0;600974.2959711339
419010.0;INSTITUTO CURITIBA DE SAÃDE;PR;6194988.0;3097494.0;4330140.908650434
418919.0;ASSOCIAÃÃO SAÃDE SÃO JOSÃ;SC;6103220.0;2034406.6666666667;1671240.3272424147
417475.0;PRONTO SOCORRO CONDE DE MOREIRA LIMA;SP;6057906.0;2019302.0;1451881.902823711
409791.0;COOPERATIVA ODONTOLÃGICA POÃOS DE CALDAS;MG;5920253.0;1973417.6666666667;1930295.951375678
363391.0;PLANO ASSISTENCIAL SÃO LUCAS LTDA;MG;5884947.0;1961649.0;287626.4565178245
412635.0;ASSOCIAÃÃO VALEPARAIBANA DE ASSISTÃNCIA MÃDICA POLICIAL;SP;5874709.0;1958236.3333333333;924802.3787568528
370711.0;UNIODONTO ESPIRITO SANTO COOPERATIVA ODONTOLOGICA;ES;5409866.0;1803288.6666666667;2266615.841301153
346951.0;UNIMED CAÃADOR COOPERATIVA DE TRABALHO MÃDICO DA REGIÃO DO CONTESTADO;SC;5398521.0;1799507.0;1729396.6807528571
347795.0;UNIODONTO DE JUNDIAÃ COOPERATIVA ODONTOLÃGICA;SP;5377943.0;1792647.6666666667;2432740.2937503075
344915.0;SANTA CASA DE MISERICÃRDIA E ASILO DOS POBRES DE BATATAIS;SP;5372908.0;1790969.3333333333;2586379.5817822902
422321.0;ASSOCIAÃÃO DE SAÃDE DO VALE;SC;5170359.0;1723453.0;1232038.4514807158
348295.0;UNIMED SOROCABA COOPERATIVA DE TRABALHO MÃDICO;SP;5101405.0;1700468.3333333333;1463691.014863565
417696.0;MAXMED ADMINISTRADORA DE BENEFICIOS LTDA;SP;5051551.0;1683850.3333333333;6925.749081026082
420140.0;MUITO MAIS SAÃDE ADMINISTRADORA DE BENEFÃCIOS;RJ;5012926.0;1670975.3333333333;1781799.0531921196
354279.0;UNIMED DE LINS - COOPERATIVA DE TRABALHOS MÃDICOS;SP;4801530.0;1600510.0;1550256.6823526355
321320.0;IRMANDADE DA SANTA CASA DE MISERICÃRDIA E MATERNIDADE DONA ZILDA SALVAGNI;SP;4782749.0;1594249.6666666667;2657066.8808331364
415014.0;UNIMED OS BANDEIRANTES COOPERATIVA DE TRABALHO MÃDICO;SP;4781152.0;1593717.3333333333;1184106.2229742454
419591.0;ASSOCIAÃÃO DOS SERVIDORES PÃBLICOS DA ADMINISTRAÃÃO DIRETA DO GOVERNO DO ESTADO DO PARÃ - ASPARÃ;PA;4756567.0;1585522.3333333333;2637549.356749999
306045.0;SANTA CASA DE MISERICÃRDIA DE TUPÃ;SP;4728961.0;1576320.3333333333;800471.4324648527
314251.0;CAIXA ASSISTENCIAL UNIVERSITÃRIA DO RIO GRANDE DO NORTE;RN;4647888.0;1549296.0;1503615.2994127187
408093.0;ASSOCIAÃÃO POLICIAL DE ASSISTENCIA A SAUDE DE BOTUCATU;SP;4573753.0;1524584.3333333333;1418664.782586194
362832.0;UNIMED PLANALTO CENTRAL/RS - COOPERATIVA DE ASSISTÃNCIA  Ã SAÃDE LTDA.;RS;4472064.0;1490688.0;874876.5953167338
424439.0;INTEGRA ADMINISTRADORA DE BENEFICIOS LTDA;GO;4414200.0;2207100.0;0.0
328375.0;UNIMED REGIÃO DA FRONTEIRA - RS COOPERATIVA DE ASSISTÃNCIA Ã SAÃDE LTDA.;RS;4383511.0;1461170.3333333333;682888.0910957031
420930.0;HOSPITAL DE CARIDADE SÃO VICENTE DE PAULO;PR;4348580.0;1449526.6666666667;1951714.6851315983
331104.0;UNIODONTO DE PINDAMONHANGABA COOP ODONTOLOGICA;SP;4300657.0;1433552.3333333333;1383579.4060856549
423408.0;PLANO SIGMA SAÃDE LTDA;SP;4259173.0;2129586.5;54136.802274423266
422126.0;UP HEALTH ADMINISTRADORA DE BENEFÃCIOS S/A;ES;4224868.0;1408289.3333333333;1837127.5542733371
387185.0;ASSOCIAÃÃO DOS AUDITORES FISCAIS DA RECEITA ESTADUAL DO RIO DE JANEIRO;RJ;4214555.0;1404851.6666666667;1303513.8014452832
418536.0;LIKE DENTAL PLANOS ODONTOLÃGICOS SS LTDA;PR;4172648.0;1390882.6666666667;1142365.4151668516
373109.0;UNIODONTO DE SERTAOZINHO SP COOPERATIVA ODONTOLOGICA;SP;3910305.0;1955152.5;1419069.264639503
342386.0;UNIMED REGIONAL DE TRES LAGOAS COOPERATIVA DE TRABALHO MÃDICO;MS;3823674.0;1274558.0;538632.5761602245
341819.0;UNIMED ALTO PARANAIBA COOPERATIVA DE TRABALHO MEDICO;MG;3797563.0;1265854.3333333333;563569.6840021944
368148.0;UNIMED MURIAÃ COOPERATIVA DE TRABALHO MEDICO LTDA;MG;3793390.0;1264463.3333333333;999161.8486718423
343129.0;ASSOCIACAO DOS PROFESSORES UNIVERSITÃRIOS DA BAHIA;BA;3717015.0;1239005.0;1881154.4814945422
422657.0;VIVER BEM ADMINISTRADORA DE BENEFÃCIOS LTDA;RJ;3680346.0;1226782.0;35458.175982416244
320820.0;CAIXA DE ASSISTÃNCIA SISTEMA SAÃDE INTEGRAL-SSI SAUDE;RS;3650757.0;1216919.0;115965.87470889874
309524.0;UNIMED DE MONTE ALTO - COOPERATIVA DE TRABALHO MÃDICO;SP;3636101.0;1212033.6666666667;1495206.124332807
346004.0;UNIODONTO PIRACICABA - COOPERATIVA ODONTOLÃGICA;SP;3576809.0;1192269.6666666667;525355.5673639838
337561.0;UNIMED VALE DO CARANGOLA COOPERATIVA DE TRABALHO MEDICO LTDA;MG;3547481.0;1182493.6666666667;1075952.9032473185
361569.0;UNIODONTO DE JOÃO PESSOA COOPERATIVA ODONTOLÃGICA;PB;3500063.0;1166687.6666666667;964611.1591840172
363286.0;UNIMED DE TAUBATÃ COOPERATIVA DE TRABALHO MÃDICO;SP;3497300.0;1165766.6666666667;554219.0040808176
351270.0;POLI SAUDE OPERADORA DE PLANO DE SAUDE LTDA;PR;3386059.0;1128686.3333333333;175247.53548148213
318213.0;COOPERATIVA DE TRABALHO MEDICO REGIÃO DO PLANALTO SERRANO;SC;3330676.0;1110225.3333333333;480099.59266941
311944.0;UNIMED DE ADAMANTINA-COOPERATIVA DE TRABALHO MÃDICO;SP;3286856.0;1095618.6666666667;576967.042767898
350648.0;UNIMED REGIÃO DA CAMPANHA/RS - COOPERATIVA DE ASSISTÃNCIA Ã SAÃDE LTDA.;RS;3236274.0;1078758.0;1547792.176461685
418731.0;ASSOCIAÃÃO DE SAÃDE DOS FORNECEDORES DE CANA DE PIRACICABA E REGIÃO;SP;3163912.0;1054637.3333333333;547919.9168549482
342203.0;UNIODONTO DE SC COOPERATIVA ADMINISTRADORA DE CONTRATOS;SC;3086589.0;1028863.0;1586184.2931396717
419257.0;BCI ADMINISTRADORA DE BENEFÃCIOS LTDA.;SP;3081673.0;1027224.3333333334;117299.8001760162
315583.0;CAIXA DE ASSISTÃNCIA DOS EMPREGADOS DO BANEB;BA;2979047.0;993015.6666666666;250357.72435923232
390259.0;COMSEDER - COOPERATIVA DE ASSISTÃNCIA MÃDICA DOS SERVIDORES DA SUPLAN E DO DER LTDA;PB;2886396.0;962132.0;333556.8537491023
416410.0;SOCIODONTO PLANO DE ASSISTÃNCIA ODONTOLÃGICA LTDA;MG;2814424.0;1407212.0;347606.6225634949
327557.0;CAIXA ASSISTENCIAL E BENEFICENTE DOS FUNCIONÃRIOS DA ACARESC;SC;2806898.0;935632.6666666666;1074633.9921109576
343331.0;CAIXA DE ASSISTÃNCIA DOS EMPREGADOS DO SISTEMA FINANCEIRO BANESTES;ES;2784294.0;928098.0;747585.8748190738
417491.0;PORTOMED - PORTO SEGURO SERVIÃOS DE SAUDE LTDA;SP;2745380.0;915126.6666666666;854256.1502607595
424170.0;BLUZZ SAÃDE S/A;ES;2645524.0;881841.3333333334;483627.41196124663
344184.0;CAIXA DE ASSISTÃNCIA DOS EMPREGADOS DO SETOR PÃBLICO DO ESTADO DE GOIÃS - CAEME;GO;2480795.0;826931.6666666666;456781.01365570497
360414.0;UNIMED NOROESTE FLUMINENSE - COOPERATIVA DE TRABALHO MÃDICO LTDA;RJ;2359337.0;786445.6666666666;1104985.2281421383
422223.0;UP SOLUÃÃES EM SAÃDE LTDA ;SP;2356150.0;2356150.0;0.0
414212.0;ASSOCIAÃÃO POLICIAL DE ASSISTÃNCIA Ã SAÃDE DE ARAÃATUBA (APAS);SP;2354086.0;784695.3333333334;904479.7602806452
343056.0;UNIODONTO JACAREÃ COOPERATIVA ODONTOLÃGICA;SP;2335180.0;778393.3333333334;558845.6277446691
370592.0;FUNASA SAÃDE;PB;2201437.0;733812.3333333334;385810.748041489
382639.0;ASSOCIAÃÃO DOS FISCAIS DE TRIBUTOS ESTADUAIS DO RS - AFISVEC;RS;2174652.0;724884.0;681544.1735705765
382655.0;UNIODONTO VALE HISTORICO COOPERATIVA ODONTOLOGICA;SP;2139857.0;713285.6666666666;776021.183168561
417211.0;ASSOCIAÃÃO MINEIRA DE ASSISTÃNCIA Ã SAÃDE DOS MEMBROS DO MINISTÃRIO PÃBLICO;MG;2039175.0;679725.0;895360.1826778987
419150.0;ASSOCIAÃÃO MAIS SAÃDE SANTA CASA DE SÃO JOÃO DA BOA VISTA;SP;2007516.0;1003758.0;391138.9444404635
420093.0;ASSOCIACAO DOS SERVIDORES DA EMDAGRO - ASSEM;SE;1963920.0;654640.0;574855.0722817013
336467.0;UNIMED PATOS - COOPERATIVA DE TRABALHO MÃDICO;PB;1933675.0;644558.3333333334;383223.1368854617
370568.0;UNIODONTO UBERABA - COOPERATIVA DE ASSISTÃNCIA Ã SAÃDE ODONTOLÃGICA LTDA;MG;1929847.0;643282.3333333334;541551.4254734571
393533.0;ASSOCIAÃÃO DO FISCO DE ALAGOAS;AL;1861700.0;620566.6666666666;654468.5600503155
419524.0;SORRIDEN CONVÃNIOS ODONTOLÃGICOS S.A.;SP;1818257.0;606085.6666666666;811347.522589632
343765.0;UNIMED CALDAS NOVAS - COOPERATIVA DE TRABALHO MEDICO;GO;1790499.0;596833.0;632705.8870691817
343404.0;UNIODONTO DE MATO GROSSO COOP TRAB ODONTOLOGICO LTDA;MT;1631599.0;543866.3333333334;464460.7522496743
330281.0;ASSOCIAÃÃO DOS AUDITORES FISCAIS DO ESTADO DA PARAÃBA - AFRAFEP;PB;1566409.0;783204.5;38926.935411100625
365785.0;COOPERATIVA ODONTOLÃGICA DO ESTADO DO AMAPÃ;AP;1483711.0;494570.3333333333;523249.2115009189
333867.0;ASSOCIAÃAO UNISAUDE MARAU;RS;1429888.0;476629.3333333333;245221.35455610984
345318.0;UNIODONTO/RN - COOPERATIVA ODONTOLOGICA DO RIO GRANDE DO NORTE;RN;1409654.0;469884.6666666667;756744.8906635137
411248.0;ASSOCIAÃÃO POLICIAL DE ASSISTÃNCIA Ã SAÃDE DE PRESIDENTE VENCESLAU;SP;1227075.0;409025.0;259414.163196615
361461.0;VIVACOM PLANOS DE SAÃDE;GO;1208511.0;402837.0;246068.50174494094
351776.0;UNIMED DE REGISTRO COOPERATIVA DE TRABALHO MÃDICO;SP;1161809.0;387269.6666666667;24311.789410352605
419974.0;PLAMESC PLANOS DE SAÃDE LTDA;RJ;1158094.0;386031.3333333333;95950.20381600726
347825.0;CAIXA ASSISTENCIAL UNIVERSITARIA DO RIO DE JANEIRO;RJ;1145839.0;381946.3333333333;92930.34556232607
361593.0;UNIODONTO PAULISTA-FEDERAÃÃO DAS COOPERATIVAS ODONTOLÃGICAS DO ESTADO DE SÃO PAULO;SP;1036173.0;345391.0;262188.46558916353
305421.0;UNIODONTO RS FEDERACAO DAS UNIODONTOS DO RGS LTDA;RS;974648.0;324882.6666666667;139208.86268242166
336017.0;UNIODONTO DE PRESIDENTE PRUDENTE COOPERATIVA ODONTOLOGICA;SP;810362.0;270120.6666666667;46898.488635918045
408034.0;ASSOCIAÃÃO POLICIAL DE ASSISTÃNCIA Ã SAÃDE DE JAÃ;SP;759667.0;253222.33333333334;160382.36425596592
423203.0;ASSOCIAÃÃO POLICIAL DE ASSISTÃNCIA Ã SAÃDE APAS;SP;750542.0;250180.66666666666;191140.95578220102
419028.0;COOPERATIVA DE TRABALHO ODONTOLOGICO - UNIODONTO ITAJUBÃ;MG;641885.0;213961.66666666666;278400.3960383917
418196.0;RAMED ADMINISTRADORA DE BENEFICIOS LTDA.;SP;624362.0;208120.66666666666;72339.83006845768
381144.0;UNIODONTO MARINGA COOPERATIVA ODONTOLOGICA;PR;597352.0;199117.33333333334;150537.50785214073
329665.0;FUNDACAO CAPITAL PREVIDENCIA E SAUDE - CAPITAL PREV;ES;505850.0;252925.0;92212.38112097529
422827.0;TRINO - ALIANCA FILANTRÃPICA DE ASSISTÃNCIA E INTEGRAÃÃO PARA O DESENVOLVIMENTO DA SAUDE;ES;463995.0;154665.0;166005.69571855056
417548.0;CAIXA DE ASSISTÃNCIA OSWALDO CRUZ;RJ;421287.0;140429.0;133579.64075037782
323993.0;UNIMED PETROPOLIS-RJ COOPERATIVA DE TRABALHO MÃDICO;RJ;396093.0;198046.5;207634.12812083663
409405.0;ASSOCIAÃÃO POLICIAL DE ASSISTÃNCIA Ã SAÃDE - VALE DO RIBEIRA;SP;323940.0;107980.0;66643.46773690576
410608.0;ASSOCIACAO POLICIAL DE ASSISTENCIA A SAUDE DE PRESIDENTE PRUDENTE (APAS);SP;315704.0;105234.66666666667;107939.24582992663
414689.0;FUNDO DE ASSISTÃNCIA Ã SAÃDE DOS FUNCIONÃRIOS DO BEC;CE;223749.0;74583.0;72610.54510882011
423513.0;REAL GRANDEZA SAÃDE;RJ;221726.0;73908.66666666667;24245.68745846018
414026.0;CAIXA BENEFICENTE DOS FUNCIONÃRIOS DO GRUPO IGUAÃU;PR;203229.0;67743.0;59517.13423880555
368920.0;AGROS - INSTITUTO UFV DE SEGURIDADE SOCIAL;MG;185294.0;61764.666666666664;25830.789270429454
419851.0;CAIXA DE ASSISTÃNCIA Ã SAÃDE DOS TRABALHADORES NAS INDÃSTRIAS METALÃRGICAS, MECÃNICAS E DO MATERIAL ELÃTRICO DE BRUSQUE;SC;184794.0;61598.0;56145.46489254497
316849.0;TELOS - FUNDAÃÃO EMBRATEL DE SEGURIDADE SOCIAL;RJ;177770.0;88885.0;83275.9656203397
423777.0;FEBRAFITE SAUDE;DF;32732.0;16366.0;6570.436210785399
420701.0;FUNDAÃÃO DE ASSISTÃNCIA Ã SAÃDE DA ASSOCIAÃÃO DO MINISTÃRIO PÃBLICO DO RIO GRANDE DO SUL;RS;21228.0;10614.0;5498.462330506593
